m,f,runs,non_psd,non_psd_rate,lambda_min_min,lambda_min_median,max_n_neg,cc_rows,pw_var_ratio_median,cc_var_ratio_median,clip_rel_var_ratio_median,clip_rel_frob_rel_median,clip_min_frob_rel_median,non_psd_rate_se
5,0.3,50,0,0.0,4.914239577041468e-05,5.635755679259776e-05,0,867,1.0302986024245677,1.0332187187339898,1.0302986024245673,1.053803382843984e-15,1.053803382843984e-15,0.0
5,0.5,50,0,0.0,2.7797193763333844e-05,4.8636155893075263e-05,0,619,1.0221496439872304,1.0522223978353533,1.02214964398723,1.018412688949824e-15,1.018412688949824e-15,0.0
5,0.7,50,1,0.02,-1.6347914209531577e-06,2.695448213826505e-05,1,371,1.2280416014113795,1.282727956318748,1.2065499679779936,1.0590578474077943e-05,1.0954323306554812e-15,0.01979898987322333
10,0.3,50,0,0.0,4.853588067376873e-05,5.320009432065759e-05,0,867,1.0355009574750926,1.0332187187339898,1.0355009574750933,1.0433294475446342e-15,1.0433294475446342e-15,0.0
10,0.5,50,0,0.0,2.952862359470097e-05,3.6737064537949465e-05,0,619,1.0365079351262865,1.0522223978353533,1.0365079351262865,1.1121079905500603e-15,1.1121079905500603e-15,0.0
10,0.7,50,3,0.06,-5.5694481049780965e-06,1.213615472096833e-05,1,371,1.3944223051070646,1.282727956318748,1.296194428402315,0.004548622626897594,1.1300449730621182e-15,0.03358571124749333
15,0.3,50,0,0.0,4.873373875795168e-05,5.50872710289576e-05,0,867,1.0369732901117408,1.0332187187339898,1.03697329011174,1.0710956070905887e-15,1.0710956070905887e-15,0.0
15,0.5,50,0,0.0,2.5860259074176456e-05,4.032891459438316e-05,0,619,1.0459411359383894,1.0522223978353533,1.0459411359383899,1.1264840461381922e-15,1.1264840461381922e-15,0.0
15,0.7,50,7,0.14,-5.531830519441583e-06,1.224343301564997e-05,1,371,1.4170173095807093,1.282727956318748,1.3059318163819902,0.00432259017713464,1.2979220404525344e-15,0.04907137658554119
