n,block_len,rho,reps,coverage,se
8,1,0.0,1000,0.874,0.010493998284733994
8,1,0.5,1000,0.651,0.01507312177354114
8,3,0.0,1000,0.767,0.013368283360252356
8,3,0.5,1000,0.583,0.015592017188292218
12,1,0.0,1000,0.906,0.009228434320078352
12,1,0.5,1000,0.659,0.014990630407024249
12,3,0.0,1000,0.812,0.01235540367612487
12,3,0.5,1000,0.666,0.014914556647785411
19,1,0.0,1000,0.911,0.009004387819280108
19,1,0.5,1000,0.703,0.014449602070645405
19,3,0.0,1000,0.872,0.010564847372300274
19,3,0.5,1000,0.754,0.013619251080731275
