constraint,method,window,n_old,gap_old,realized_old,n_new,gap_new,realized_new,gap_diff,realized_diff
long_only,clipped,60,19,0.028313855644426168,0.11696648900170092,8,0.029364775932038366,0.11682422947862448,0.0010509202876121983,-0.00014225952307644896
long_only,clipped,90,19,0.02247592981239338,0.11493997911247113,8,0.02337929330638775,0.11452452797588544,0.0009033634939943705,-0.00041545113658568444
long_only,clipped,120,18,0.015434865788740284,0.11175662717777247,8,0.013029040448724659,0.11100068683846337,-0.0024058253400156254,-0.0007559403393091052
long_only,clipped,250,16,0.004787864538962705,0.1042909067900568,8,0.006327380328581697,0.1093558351668036,0.0015395157896189917,0.005064928376746797
long_only,clipped,500,12,0.010548335199677664,0.11225065280562092,8,0.009058068557671578,0.1109393396488995,-0.001490266642006086,-0.001311313156721422
long_only,clipped,750,8,0.008337110337136354,0.11229503896133473,8,0.008337110337136354,0.11229503896133473,0.0,0.0
long_only,ledoit_wolf,60,19,0.029019621407666604,0.11370143036215842,8,0.029480679544282073,0.11302039847301398,0.00046105813661546924,-0.0006810318891444372
long_only,ledoit_wolf,90,19,0.023091813230514364,0.11197821298162938,8,0.02366703724663993,0.11169130103355399,0.0005752240161255653,-0.00028691194807539677
long_only,ledoit_wolf,120,18,0.01673823497184973,0.10943297933518392,8,0.014990786272910946,0.10934533481733821,-0.001747448698938784,-8.764451784570859e-05
long_only,ledoit_wolf,250,16,0.006750113998787621,0.10358407160461992,8,0.008683723267129004,0.10895985498993406,0.0019336092683413832,0.005375783385314137
long_only,ledoit_wolf,500,12,0.012229759901882296,0.11199518339788361,8,0.01070124035474274,0.1105766531537811,-0.0015285195471395566,-0.0014185302441025172
long_only,ledoit_wolf,750,8,0.00957275373017889,0.11213082941909655,8,0.00957275373017889,0.11213082941909655,0.0,0.0
long_only,mp,60,19,0.03142058190880827,0.11454013420507539,8,0.03304109832656084,0.11391056737896593,0.001620516417752571,-0.0006295668261094567
long_only,mp,90,19,0.02545751182583142,0.11352929430706864,8,0.02843376265127829,0.1146737439755994,0.0029762508254468703,0.0011444496685307642
long_only,mp,120,18,0.019439139744072326,0.11047202877787098,8,0.020026698154900525,0.11346603133737015,0.0005875584108281998,0.0029940025594991787
long_only,mp,250,16,0.010464171254368687,0.10495924067374325,8,0.015342199225248982,0.11414699784036766,0.004878027970880295,0.009187757166624413
long_only,mp,500,12,0.01929678246475609,0.11556631703334884,8,0.017218898393843465,0.11460038815460116,-0.002077884070912625,-0.0009659288787476766
long_only,mp,750,8,0.01666915099842898,0.11650463083722482,8,0.01666915099842898,0.11650463083722482,0.0,0.0
long_only,raw,60,19,0.02876303704533093,0.11713458655670574,8,0.029976215326831524,0.11711640827628088,0.0012131782815005925,-1.8178280424857585e-05
long_only,raw,90,19,0.0225410396827907,0.1149431196053459,8,0.023390826602241253,0.1145025003305459,0.0008497869194505521,-0.0004406192747999915
long_only,raw,120,18,0.015459921517563806,0.11177260873590791,8,0.013034860081840436,0.11100085258814071,-0.0024250614357233698,-0.0007717561477671997
long_only,raw,250,16,0.004787864538962688,0.1042909067900568,8,0.0063273803285816554,0.10935583516680357,0.0015395157896189674,0.005064928376746769
long_only,raw,500,12,0.010548335199677674,0.11225065280562092,8,0.009058068557671597,0.11093933964889952,-0.0014902666420060773,-0.0013113131567214081
long_only,raw,750,8,0.00833711033713641,0.11229503896133479,8,0.00833711033713641,0.11229503896133479,0.0,0.0
unconstrained,clipped,60,19,0.06421866572365877,0.13634248284961503,8,0.0689764891629154,0.1390464745824429,0.004757823439256639,0.0027039917328278706
unconstrained,clipped,90,19,0.04989310717104824,0.12882693291934819,8,0.05509630779167436,0.1305407144473096,0.005203200620626125,0.0017137815279614221
unconstrained,clipped,120,18,0.03675170729696409,0.12263617547557241,8,0.03477928459554422,0.12140083687288027,-0.001972422701419868,-0.0012353386026921487
unconstrained,clipped,250,16,0.013376605454249492,0.10710312446568093,8,0.016305601025175212,0.1126518166399182,0.00292899557092572,0.005548692174237271
unconstrained,clipped,500,12,0.012900757450125484,0.11103689537300464,8,0.012362165836053084,0.11045801557747238,-0.0005385916140724003,-0.0005788797955322555
unconstrained,clipped,750,8,0.010313946153057512,0.11111826742426588,8,0.010313946153057512,0.11111826742426588,0.0,0.0
unconstrained,ledoit_wolf,60,19,0.037807615754794334,0.11659164286832091,8,0.03841167352085492,0.11514258087277936,0.0006040577660605881,-0.0014490619955415535
unconstrained,ledoit_wolf,90,19,0.03149859925172778,0.11422853000388467,8,0.03641589945226867,0.11627929609439183,0.004917300200540889,0.0020507660905071667
unconstrained,ledoit_wolf,120,18,0.024147058545002383,0.11140332080698442,8,0.023994887781278403,0.11211229394780425,-0.00015217076372397997,0.0007089731408198297
unconstrained,ledoit_wolf,250,16,0.011729256511557557,0.10451604871207133,8,0.014551571104872563,0.11004933873289795,0.002822314593315006,0.0055332900208266145
unconstrained,ledoit_wolf,500,12,0.013506262431921113,0.11047678928624786,8,0.012886897388855718,0.109772517524442,-0.0006193650430653952,-0.0007042717618058608
unconstrained,ledoit_wolf,750,8,0.010786123309228218,0.11068499700223541,8,0.010786123309228218,0.11068499700223541,0.0,0.0
unconstrained,mp,60,19,0.04125539095717336,0.11690452176219575,8,0.042455744580306695,0.1151956221971264,0.0012003536231333378,-0.0017088995650693523
unconstrained,mp,90,19,0.03535740968081919,0.11528093899947456,8,0.04081645442079805,0.11796786525261463,0.005459044739978859,0.0026869262531400706
unconstrained,mp,120,18,0.030369668464275603,0.1136112952040271,8,0.031677062288784544,0.11517194821665637,0.0013073938245089407,0.0015606530126292678
unconstrained,mp,250,16,0.01958593387935722,0.10699663477614052,8,0.02637455149037932,0.11674512578434235,0.006788617611022101,0.009748491008201826
unconstrained,mp,500,12,0.023950460416415385,0.11461373131232754,8,0.022491413469362252,0.11382313448514195,-0.0014590469470531324,-0.0007905968271855884
unconstrained,mp,750,8,0.02165227793578543,0.11587343841724057,8,0.02165227793578543,0.11587343841724057,0.0,0.0
unconstrained,raw,60,19,0.08297219948177244,0.1511792123111549,8,0.08762834063183012,0.15363922254404952,0.004656141150057677,0.0024600102328946327
unconstrained,raw,90,19,0.05142412742713633,0.1299164056363282,8,0.05641378345604771,0.13150363912829005,0.004989656028911375,0.0015872334919618536
unconstrained,raw,120,18,0.036974995710526114,0.12281253537075913,8,0.03520568550905991,0.12176652310398665,-0.001769310201466201,-0.001046012266772478
unconstrained,raw,250,16,0.013376605454249475,0.10710312446568092,8,0.01630560102517514,0.11265181663991815,0.0029289955709256646,0.00554869217423723
unconstrained,raw,500,12,0.0129007574501255,0.11103689537300464,8,0.012362165836053122,0.11045801557747242,-0.0005385916140723777,-0.0005788797955322139
unconstrained,raw,750,8,0.010313946153057528,0.11111826742426589,8,0.010313946153057528,0.11111826742426589,0.0,0.0
