constraint,window,comparison,metric,n_periods,block_len,diff_mean,diff_lo,diff_hi,excludes_zero
unconstrained,60,clipped - raw,risk_gap,8,3,-0.01865185146891471,-0.024584832087805784,-0.008514412157406007,True
unconstrained,60,mp - raw,risk_gap,8,3,-0.04517259605152342,-0.056153217106295464,-0.03311309130143823,True
unconstrained,60,ledoit_wolf - raw,risk_gap,8,3,-0.0492166671109752,-0.05872668011266161,-0.03840536517606474,True
unconstrained,60,ledoit_wolf - mp,risk_gap,8,3,-0.004044071059451776,-0.005887884488566987,0.0009107589072731457,False
unconstrained,90,clipped - raw,risk_gap,8,3,-0.0013174756643733456,-0.0021203104911721483,-0.00046318044846540424,True
unconstrained,90,mp - raw,risk_gap,8,3,-0.015597329035249661,-0.024598996703084304,-0.009906747428624655,True
unconstrained,90,ledoit_wolf - raw,risk_gap,8,3,-0.01999788400377904,-0.026352635692343845,-0.01653983168104267,True
unconstrained,90,ledoit_wolf - mp,risk_gap,8,3,-0.004400554968529377,-0.007458825005980337,0.0001863368475876091,False
unconstrained,120,clipped - raw,risk_gap,8,3,-0.0004264009135156975,-0.0006757912388880277,-1.3847430146985028e-16,True
unconstrained,120,mp - raw,risk_gap,8,3,-0.0035286232202753707,-0.012863744272509864,0.0018856403372086749,False
unconstrained,120,ledoit_wolf - raw,risk_gap,8,3,-0.011210797727781512,-0.014568749215857163,-0.009871968544839897,True
unconstrained,120,ledoit_wolf - mp,risk_gap,8,3,-0.007682174507506141,-0.012875659669744367,-0.0010432847902855785,True
unconstrained,250,clipped - raw,risk_gap,8,3,7.45931094670027e-17,5.0306980803327406e-17,1.249000902703301e-16,True
unconstrained,250,mp - raw,risk_gap,8,3,0.01006895046520418,0.004976056571196832,0.016245081480614577,True
unconstrained,250,ledoit_wolf - raw,risk_gap,8,3,-0.0017540299203025762,-0.0024812084936359606,-0.0008173460385294488,True
unconstrained,250,ledoit_wolf - mp,risk_gap,8,3,-0.011822980385506757,-0.018479960851901987,-0.006048621385310406,True
unconstrained,500,clipped - raw,risk_gap,8,3,-3.8163916471489756e-17,-1.0408340855860843e-16,0.0,False
unconstrained,500,mp - raw,risk_gap,8,3,0.010129247633309132,0.004489766111002116,0.012079355997066053,True
unconstrained,500,ledoit_wolf - raw,risk_gap,8,3,0.0005247315528025959,-0.00021006140701053215,0.0014720910891450854,False
unconstrained,500,ledoit_wolf - mp,risk_gap,8,3,-0.009604516080506536,-0.010906002032469187,-0.004434291205990535,True
unconstrained,750,clipped - raw,risk_gap,8,3,-1.5612511283791264e-17,-5.724587470723463e-17,1.734723475976807e-17,False
unconstrained,750,mp - raw,risk_gap,8,3,0.011338331782727902,0.003155384571498941,0.016330167451963813,True
unconstrained,750,ledoit_wolf - raw,risk_gap,8,3,0.00047217715617068994,0.0002246775820709656,0.0008213190366180931,True
unconstrained,750,ledoit_wolf - mp,risk_gap,8,3,-0.010866154626557212,-0.015625172702637885,-0.0028361627024878315,True
long_only,60,clipped - raw,risk_gap,8,3,-0.0006114393947931592,-0.0011670832757082975,-0.00014253674441433006,True
long_only,60,mp - raw,risk_gap,8,3,0.003064882999729313,-0.0018537105140952487,0.005741868856835983,False
long_only,60,ledoit_wolf - raw,risk_gap,8,3,-0.0004955357825494524,-0.0016528252072221371,0.0009198478323191022,False
long_only,60,ledoit_wolf - mp,risk_gap,8,3,-0.0035604187822787653,-0.005902751337715173,0.0014288602221066756,False
long_only,90,clipped - raw,risk_gap,8,3,-1.1533295853503357e-05,-6.212632306077e-05,6.210194744481895e-05,False
long_only,90,mp - raw,risk_gap,8,3,0.005042936049037035,-0.002021072699542381,0.008907591770359307,False
long_only,90,ledoit_wolf - raw,risk_gap,8,3,0.00027621064439867574,-0.003361071204793828,0.004088628248110661,False
long_only,90,ledoit_wolf - mp,risk_gap,8,3,-0.00476672540463836,-0.006255574793532382,-0.000645563327725444,True
long_only,120,clipped - raw,risk_gap,8,3,-5.8196331157774756e-06,-1.1068597783828876e-05,2.0816681711721685e-17,False
long_only,120,mp - raw,risk_gap,8,3,0.006991838073060088,0.0014741482359141942,0.0105757434449808,True
long_only,120,ledoit_wolf - raw,risk_gap,8,3,0.0019559261910705103,0.0005586414924045862,0.0028932789964706846,True
long_only,120,ledoit_wolf - mp,risk_gap,8,3,-0.005035911881989577,-0.007828502340960048,-0.0008750592301879512,True
long_only,250,clipped - raw,risk_gap,8,3,4.163336342344337e-17,1.3877787807814457e-17,1.0928757898653885e-16,True
long_only,250,mp - raw,risk_gap,8,3,0.009014818896667326,0.006333887440897353,0.011055351586506492,True
long_only,250,ledoit_wolf - raw,risk_gap,8,3,0.0023563429385473483,0.0014262214285516508,0.0035846933292862527,True
long_only,250,ledoit_wolf - mp,risk_gap,8,3,-0.006658475958119978,-0.00952605959187821,-0.0033219976350781187,True
long_only,500,clipped - raw,risk_gap,8,3,-1.9081958235744878e-17,-5.0306980803327406e-17,8.673617379884035e-18,False
long_only,500,mp - raw,risk_gap,8,3,0.008160829836171868,0.0037620136136506917,0.010691161574465974,True
long_only,500,ledoit_wolf - raw,risk_gap,8,3,0.0016431717970711423,0.0013026268026208512,0.0021004882342419914,True
long_only,500,ledoit_wolf - mp,risk_gap,8,3,-0.006517658039100725,-0.008515564622840662,-0.0023927269357935594,True
long_only,750,clipped - raw,risk_gap,8,3,-5.724587470723463e-17,-9.367506770274758e-17,-3.8163916471489756e-17,True
long_only,750,mp - raw,risk_gap,8,3,0.008332040661292568,0.0028457094176375115,0.012207340937011934,True
long_only,750,ledoit_wolf - raw,risk_gap,8,3,0.0012356433930424786,0.0010585377461765234,0.0014744563847799222,True
long_only,750,ledoit_wolf - mp,risk_gap,8,3,-0.00709639726825009,-0.010907864770296795,-0.0016338234217634744,True
unconstrained,60,clipped - raw,realized_risk,8,3,-0.014592747961606619,-0.018875534094828013,-0.006942227339322784,True
unconstrained,60,mp - raw,realized_risk,8,3,-0.03844360034692312,-0.052601540562457805,-0.026176372227640004,True
unconstrained,60,ledoit_wolf - raw,realized_risk,8,3,-0.03849664167127016,-0.048682292011950734,-0.027882187005813734,True
unconstrained,60,ledoit_wolf - mp,realized_risk,8,3,-5.304132434704595e-05,-0.0029577580578880013,0.003582706588336015,False
unconstrained,90,clipped - raw,realized_risk,8,3,-0.0009629246809804565,-0.00172064271569714,-0.00020560390855654288,True
unconstrained,90,mp - raw,realized_risk,8,3,-0.013535773875675429,-0.0235777767572412,-0.005803217595673361,True
unconstrained,90,ledoit_wolf - raw,realized_risk,8,3,-0.015224343033898224,-0.022403099308412677,-0.011426745877387382,True
unconstrained,90,ledoit_wolf - mp,realized_risk,8,3,-0.0016885691582227951,-0.005939984328394399,0.0013754301124837658,False
unconstrained,120,clipped - raw,realized_risk,8,3,-0.00036568623110639666,-0.00056929316647405,-1.5777310014009108e-16,True
unconstrained,120,mp - raw,realized_risk,8,3,-0.006594574887330288,-0.013488637206008446,-0.0020018142475682625,True
unconstrained,120,ledoit_wolf - raw,realized_risk,8,3,-0.0096542291561824,-0.013265092824872917,-0.008264079879810309,True
unconstrained,120,ledoit_wolf - mp,realized_risk,8,3,-0.0030596542688521126,-0.007925227119926714,0.0014534234542588828,False
unconstrained,250,clipped - raw,realized_risk,8,3,5.551115123125783e-17,4.163336342344337e-17,8.847089727481716e-17,True
unconstrained,250,mp - raw,realized_risk,8,3,0.004093309144424207,-0.0007891305901986112,0.009218650659832415,False
unconstrained,250,ledoit_wolf - raw,realized_risk,8,3,-0.002602477907020192,-0.0030679555513045895,-0.001831207234523841,True
unconstrained,250,ledoit_wolf - mp,realized_risk,8,3,-0.006695787051444399,-0.012152242588551665,-0.001297850453777583,True
unconstrained,500,clipped - raw,realized_risk,8,3,-3.469446951953614e-17,-6.245004513516506e-17,-2.2551405187698492e-17,True
unconstrained,500,mp - raw,realized_risk,8,3,0.003365118907669532,-0.002533820817567912,0.005962697874066142,False
unconstrained,500,ledoit_wolf - raw,realized_risk,8,3,-0.0006854980530304165,-0.0012608893417658962,1.0718666911281247e-05,False
unconstrained,500,ledoit_wolf - mp,realized_risk,8,3,-0.004050616960699948,-0.006157048822598555,0.0011503895448846339,False
unconstrained,750,clipped - raw,realized_risk,8,3,-6.938893903907228e-18,-2.949029909160572e-17,2.42861286636753e-17,False
unconstrained,750,mp - raw,realized_risk,8,3,0.004755170992974674,-0.0023453401540664814,0.009629980978004476,False
unconstrained,750,ledoit_wolf - raw,realized_risk,8,3,-0.000433270422030476,-0.0007331925473235273,-4.148924566739834e-06,True
unconstrained,750,ledoit_wolf - mp,realized_risk,8,3,-0.00518844141500515,-0.009771904844116925,0.0016075432225124003,False
long_only,60,clipped - raw,realized_risk,8,3,-0.0002921787976564033,-0.0008572331464559799,0.00019737901971790366,False
long_only,60,mp - raw,realized_risk,8,3,-0.003205840897314941,-0.0067600470478122975,9.607594698533492e-06,False
long_only,60,ledoit_wolf - raw,realized_risk,8,3,-0.004096009803266895,-0.005240653131409333,-0.0032045034735156876,True
long_only,60,ledoit_wolf - mp,realized_risk,8,3,-0.0008901689059519543,-0.004714006555252646,0.00355554357429661,False
long_only,90,clipped - raw,realized_risk,8,3,2.2027645339541338e-05,-2.2094476466555726e-05,8.741696108186328e-05,False
long_only,90,mp - raw,realized_risk,8,3,0.00017124364505350168,-0.004573134817018244,0.004815746565506509,False
long_only,90,ledoit_wolf - raw,realized_risk,8,3,-0.0028111992969919158,-0.006245823067548792,0.00011351138023942865,False
long_only,90,ledoit_wolf - mp,realized_risk,8,3,-0.0029824429420454174,-0.006074762394081773,-0.0011908235503741479,True
long_only,120,clipped - raw,realized_risk,8,3,-1.6574967734266088e-07,-9.055078481220655e-06,5.705219632787598e-06,False
long_only,120,mp - raw,realized_risk,8,3,0.0024651787492294425,-0.00017535726478742214,0.004008967685909616,False
long_only,120,ledoit_wolf - raw,realized_risk,8,3,-0.0016555177708025056,-0.0026355738660485285,-0.0008701200761286575,True
long_only,120,ledoit_wolf - mp,realized_risk,8,3,-0.004120696520031948,-0.005428494749248563,-0.002158149766086772,True
long_only,250,clipped - raw,realized_risk,8,3,3.469446951953614e-17,1.5612511283791264e-17,7.28583859910259e-17,True
long_only,250,mp - raw,realized_risk,8,3,0.004791162673564107,0.002395770634760744,0.0071785817095011036,True
long_only,250,ledoit_wolf - raw,realized_risk,8,3,-0.0003959801768695075,-0.0007532731697125084,0.0001639139329131737,False
long_only,250,ledoit_wolf - mp,realized_risk,8,3,-0.005187142850433615,-0.007902885665644892,-0.0022998742901970733,True
long_only,500,clipped - raw,realized_risk,8,3,-2.0816681711721685e-17,-2.949029909160572e-17,-6.938893903907228e-18,True
long_only,500,mp - raw,realized_risk,8,3,0.0036610485057016334,-0.0004738779314730631,0.006000494956041427,False
long_only,500,ledoit_wolf - raw,realized_risk,8,3,-0.00036268649511843505,-0.0005978824257721754,-4.572440796915371e-05,True
long_only,500,ledoit_wolf - mp,realized_risk,8,3,-0.0040237350008200685,-0.006248171205389754,-0.00012907623518372264,True
long_only,750,clipped - raw,realized_risk,8,3,-5.551115123125783e-17,-8.153200337090993e-17,-4.5102810375396984e-17,True
long_only,750,mp - raw,realized_risk,8,3,0.004209591875890029,0.0006171707060512299,0.007318775341219143,True
long_only,750,ledoit_wolf - raw,realized_risk,8,3,-0.00016420954223823545,-0.0003562357005268673,9.894569642084766e-05,False
long_only,750,ledoit_wolf - mp,realized_risk,8,3,-0.004373801418128265,-0.007283731650160033,-0.0009500215820790383,True
