constraint,predictor,rho_nonoverlap,holm_nonoverlap,rho_stride60,holm_stride60,expected_sign,same_sign,supported
unconstrained,exposure_k1,0.04277880087875433,1.0,-0.09519340121824166,0.7996001999000499,+,False,False
unconstrained,exposure_k3,-0.044900554973858524,1.0,-0.005489666241570666,0.815592203898051,+,True,False
unconstrained,exposure_k5,0.19760299870578518,1.0,0.13905067498743615,0.7996001999000499,+,True,False
unconstrained,log_cond,-0.2840145435615839,0.7224661445629839,-0.37904615362364175,0.0069965017491254375,+,True,False
unconstrained,eff_rank,0.2605948659484239,0.7224661445629839,0.3738483976291277,0.0069965017491254375,-,True,False
unconstrained,lam_ratio,0.2821075022024039,0.7224661445629839,0.23384472511814808,0.22988505747126436,-,True,False
unconstrained,max_abs_weight,0.06694856041608455,1.0,-0.07084617975494815,0.815592203898051,+,False,False
long_only,exposure_k1,-0.3266302446551643,0.19525178246704825,-0.0861377343908127,0.9775112443778111,+,True,False
long_only,exposure_k3,-0.33913154288377717,0.19525178246704825,-0.10250291680003104,0.9775112443778111,+,True,False
long_only,exposure_k5,0.13332788645399948,0.45423484014775406,0.2067078533165351,0.2658670664667666,+,True,False
long_only,log_cond,-0.49610858957759485,0.016779529882435293,-0.4616466397489328,0.2658670664667666,+,True,False
long_only,eff_rank,0.46163619815029183,0.03197873463680377,0.45381805963607996,0.2658670664667666,-,True,False
long_only,lam_ratio,0.46120697078461087,0.03197873463680377,0.31633280671207936,0.2658670664667666,-,True,False
long_only,max_abs_weight,-0.30624332001286225,0.19525178246704825,-0.1359707017898085,0.2658670664667666,+,True,False
