constraint,method,window,n_runs,predicted_risk_mean,predicted_risk_median,realized_risk_mean,realized_risk_median,risk_gap_mean,risk_gap_median,max_abs_weight_mean,max_abs_weight_median,turnover_mean,turnover_median,cond_number_mean,cond_number_median,sharpe_mean,sharpe_median,oos_return_mean,oos_return_median,exposure_k1_mean,exposure_k1_median,exposure_k3_mean,exposure_k3_median,exposure_k5_mean,exposure_k5_median,n_periods,risk_gap_lo,risk_gap_hi,realized_risk_lo,realized_risk_hi,sharpe_lo,sharpe_hi,risk_gap_diff_vs_raw,risk_gap_diff_vs_raw_lo,risk_gap_diff_vs_raw_hi,risk_gap_diff_vs_raw_excl0,realized_risk_diff_vs_raw,realized_risk_diff_vs_raw_lo,realized_risk_diff_vs_raw_hi,realized_risk_diff_vs_raw_excl0
long_only,clipped,60,8,0.0874594535465861,0.08764433866555496,0.11682422947862448,0.11310559458404622,0.029364775932038366,0.018056310788227913,0.1995355008115774,0.1898700985307718,1.3283090563164504,1.3875877925587452,98.12497612155119,101.26015714441937,-0.45839425000812734,0.05927957969935861,-0.04857402940737192,0.004673910201725869,0.055149643319847834,0.04038128850601712,0.14261385859142495,0.14851330700189008,0.2363624660545301,0.27169286151286776,8,0.01535878378071832,0.053387301163487076,0.10364652969783929,0.1320906228227311,-0.9324483166225513,0.601905452771418,-0.0006114393947931592,-0.0011670832757082975,-0.00014253674441433006,True,-0.0002921787976564033,-0.0008572331464559799,0.00019737901971790366,False
long_only,clipped,90,8,0.0911452346694977,0.09896275346325935,0.11452452797588544,0.11091108577739248,0.02337929330638775,0.013085348393889244,0.1712995823030692,0.17221915747947952,0.9646823214179385,0.8981044811456472,96.74524041199072,101.03848164689768,-0.4677156889812245,0.09223589322858756,-0.06408099772515674,0.007306729917464413,0.058681618770702645,0.03124653998351576,0.15089980286009785,0.12156660160905317,0.2389826477605095,0.2440842978156762,8,0.0003891637931311264,0.05309867006325849,0.09964585080481014,0.13297797066532802,-0.8375007066195437,0.5955918901231418,-1.1533295853503357e-05,-6.212632306077e-05,6.210194744481895e-05,False,2.2027645339541338e-05,-2.2094476466555726e-05,8.741696108186328e-05,False
long_only,clipped,120,8,0.09797164638973871,0.10232936087541283,0.11100068683846337,0.10618248228622368,0.013029040448724659,-0.0010951375786733483,0.163041537555013,0.16220156485990925,0.7516320302900029,0.6990128365686814,93.86393237871039,97.13447336759577,-0.21234574916299687,-0.05739175001773888,-0.035232024514496973,-0.0032826118948213814,0.06763955889529169,0.0419284564173025,0.13608159690462798,0.10484754437398844,0.18811369126836172,0.1881179428130446,8,-0.008580953274184327,0.03905537467345131,0.09528250422182263,0.1264088848241111,-0.6456861327011026,0.7628389644880049,-5.8196331157774756e-06,-1.1068597783828876e-05,2.0816681711721685e-17,False,-1.6574967734266088e-07,-9.055078481220655e-06,5.705219632787598e-06,False
long_only,clipped,250,8,0.1030284548382219,0.10513803987033471,0.1093558351668036,0.10411083838138022,0.006327380328581697,-0.004916909237157596,0.14761951946808735,0.15060375482248833,0.4594387230415601,0.43385182957605445,63.05068533806397,63.61665832276134,-0.7347915856081662,-0.4929632945740217,-0.08656395616608592,-0.04167086296542901,0.03866680607182183,0.01565272822689828,0.06718916564998399,0.07105764175873155,0.13999221309165458,0.12302545257505419,8,-0.01000479985473828,0.02172277800653645,0.09653670471172501,0.1230520899901106,-1.258341081412232,0.17613512324799055,4.163336342344337e-17,1.3877787807814457e-17,1.0928757898653885e-16,True,3.469446951953614e-17,1.5612511283791264e-17,7.28583859910259e-17,True
long_only,clipped,500,8,0.10188127109122792,0.10335496965946628,0.1109393396488995,0.10943515664029195,0.009058068557671578,0.006759035170738947,0.12590535665115868,0.1288299734748497,0.22928802125669065,0.19804078171315204,45.37727072349722,46.33796924437173,-0.5576969690316651,0.13451948343447578,-0.07162812579963283,0.00992539954735946,0.04345867834873076,0.03953526461541364,0.09896870965868189,0.10239182178125711,0.12699240833487965,0.13342412160264966,8,-0.0057841469017652185,0.023079918339470137,0.09582932670838473,0.1258763987344182,-1.0746627212895041,0.42916231227108403,-1.9081958235744878e-17,-5.0306980803327406e-17,8.673617379884035e-18,False,-2.0816681711721685e-17,-2.949029909160572e-17,-6.938893903907228e-18,True
long_only,clipped,750,8,0.10395792862419838,0.10497148633977642,0.11229503896133473,0.11146726633412726,0.008337110337136354,0.002807341261919921,0.1228584343715956,0.12156728219609392,0.19463473102481074,0.16920324920564817,41.00425620816597,41.18603930160755,-0.4416123756378382,0.20709832353773286,-0.06372346340586488,0.031090861192805488,0.056336193819969106,0.05612691537660612,0.08289833628322862,0.07387220882992918,0.14933694558957436,0.14343105168440207,8,-0.004523675862475379,0.023489795022166162,0.09582903187307326,0.12635958284692977,-0.9606596840644916,0.4740675107287324,-5.724587470723463e-17,-9.367506770274758e-17,-3.8163916471489756e-17,True,-5.551115123125783e-17,-8.153200337090993e-17,-4.5102810375396984e-17,True
long_only,ledoit_wolf,60,8,0.08353971892873191,0.08280095456212064,0.11302039847301398,0.11046742325254835,0.029480679544282073,0.013021061119355252,0.14582165088137458,0.1472486953845913,1.1011780548543155,1.090477992789434,36.86790400029863,33.103776126117005,-0.3648268785240222,0.20068216075952017,-0.04266544355242483,0.020407843569913542,0.04132635742791673,0.03873999766339511,0.11011581067846313,0.07193633870231442,0.18864346057400888,0.1886320614853329,8,0.014417852032415114,0.05346389801297085,0.09871247262431945,0.12888383771802028,-0.9181357131530941,0.7053657850189717,-0.0004955357825494524,-0.0016528252072221371,0.0009198478323191022,False,-0.004096009803266895,-0.005240653131409333,-0.0032045034735156876,True
long_only,ledoit_wolf,90,8,0.08802426378691405,0.09584215069780948,0.11169130103355399,0.10861274066755551,0.02366703724663993,0.009748363278137672,0.13891960780581825,0.14636060377967586,0.8310493986181285,0.8582373398464347,40.445741922624876,45.18462828791928,-0.3318613820127171,0.0747794204888608,-0.04935607750697675,0.008274571292617966,0.032864233944675504,0.028786971508069692,0.11373944807098627,0.10796640600606744,0.18795922939537682,0.18813204804158062,8,0.0021127200722266606,0.050140472513546315,0.0957429198846329,0.12863209573816556,-0.7235432950233625,0.7937065966898502,0.00027621064439867574,-0.003361071204793828,0.004088628248110661,False,-0.0028111992969919158,-0.006245823067548792,0.00011351138023942865,False
long_only,ledoit_wolf,120,8,0.09435454854442726,0.09765836562860802,0.10934533481733821,0.10533656715270495,0.014990786272910946,0.0006472021862128224,0.13176381294581913,0.1279707169460795,0.6630831408267924,0.6176735329135395,39.796466795637556,42.24598218932822,-0.13550364083057115,0.121626518874069,-0.02889617393415836,0.010509093507782813,0.051028529025728186,0.042640299111055116,0.09913809121833642,0.08565794734950594,0.13995230776264347,0.11189971300505006,8,-0.0062922900822493105,0.039985441934787376,0.09365161213211713,0.12447060532266727,-0.6426703010175115,0.9437918615168237,0.0019559261910705103,0.0005586414924045862,0.0028932789964706846,True,-0.0016555177708025056,-0.0026355738660485285,-0.0008701200761286575,True
long_only,ledoit_wolf,250,8,0.10027613172280506,0.10224237782404688,0.10895985498993406,0.1037047482276422,0.008683723267129004,-0.0023810264437700984,0.1320473384307857,0.13544072026972237,0.4167904467985548,0.3535717286483074,38.891960455515445,38.62236061492586,-0.6768493486704461,-0.2605372322583528,-0.08154586953610751,-0.022141703965445382,0.02815252879488602,0.013818004085352754,0.05085196763619086,0.04941895270145627,0.10916596723877993,0.11196917301949336,8,-0.007579876443615619,0.023507566761822907,0.0958826380520421,0.1227135133258967,-1.1790511778715478,0.21688748730017848,0.0023563429385473483,0.0014262214285516508,0.0035846933292862527,True,-0.0003959801768695075,-0.0007532731697125084,0.0001639139329131737,False
long_only,ledoit_wolf,500,8,0.09987541279903835,0.10137186792278896,0.1105766531537811,0.10921835130509158,0.01070124035474274,0.007786969965583639,0.11802233912099622,0.12119561624872788,0.21088926146773268,0.18859018084035611,34.12521738697863,34.53645583665744,-0.5175126097752745,0.19588603125673335,-0.06799978754877439,0.019790307195641944,0.033880541865046174,0.03150117607239117,0.08570301840331151,0.08808887469685767,0.10807476523809666,0.10606752886895597,8,-0.004114974413319466,0.024693813688550774,0.09551664198014559,0.12542742361982204,-1.024739980945442,0.4628949180426729,0.0016431717970711423,0.0013026268026208512,0.0021004882342419914,True,-0.00036268649511843505,-0.0005978824257721754,-4.572440796915371e-05,True
long_only,ledoit_wolf,750,8,0.10255807568891766,0.1035901943483096,0.11213082941909655,0.11147312169005325,0.00957275373017889,0.004171087425199428,0.11815105034979193,0.1168033387379595,0.18344347260378716,0.15548925386947418,34.39603915241228,34.357804508194114,-0.4209454327736938,0.22204379450977962,-0.061626447803008313,0.03251764820490238,0.05092478167084235,0.05104287483243047,0.07628047081336853,0.06890971380877765,0.1368497601606179,0.13064648016101904,8,-0.0031583020661954623,0.024574286385757003,0.09578728064876253,0.12593738178753805,-0.9310920522647054,0.4989250160297371,0.0012356433930424786,0.0010585377461765234,0.0014744563847799222,True,-0.00016420954223823545,-0.0003562357005268673,9.894569642084766e-05,False
long_only,mp,60,8,0.08086946905240511,0.08204991308057387,0.11391056737896593,0.11274486480862572,0.03304109832656084,0.016940065144670367,0.16797859231698675,0.1607726145762932,1.0663213431448022,1.1352012187742433,16.379461742852698,16.25733278288824,-0.7635773642533857,-0.4836001159026315,-0.08814032632931973,-0.05149974297021815,0.018128307882897463,0.02053286296606868,0.03546207735926726,0.03164198599992409,0.06501237305537158,0.05107716330981357,8,0.019600506556341456,0.05152183524708982,0.10177253089252906,0.12886358104946527,-1.3732266108431537,0.49428546757281966,0.003064882999729313,-0.0018537105140952487,0.005741868856835983,False,-0.003205840897314941,-0.0067600470478122975,9.607594698533492e-06,False
long_only,mp,90,8,0.08623998132432112,0.09210091535577294,0.1146737439755994,0.11382085931422918,0.02843376265127829,0.014198339098626653,0.1630913314282009,0.1499629140658856,0.7927168537680956,0.7328880522647823,17.61609289411542,17.197766137263812,-0.5969933682692841,-0.07224832393833283,-0.07171815514742014,-0.010934837769061904,0.011936220410036827,0.004456446924989296,0.04326356124823133,0.0401376611322458,0.0799571166754518,0.08933292127271988,8,0.007934254267207,0.05201178819952577,0.10181768227871468,0.12996928135089283,-0.929860014608653,0.42215275182703915,0.005042936049037035,-0.002021072699542381,0.008907591770359307,False,0.00017124364505350168,-0.004573134817018244,0.004815746565506509,False
long_only,mp,120,8,0.09343933318246964,0.09591253360168146,0.11346603133737015,0.11180857481800013,0.020026698154900525,0.009059195192632818,0.15388655932648726,0.14217077048186977,0.6476972493191344,0.6426924342036179,18.346319901483373,19.48637224234032,-0.335968862915447,0.16684253079986816,-0.04867198306673874,0.020975382512007874,0.011272295972675265,0.008775517992812822,0.02467537360091567,0.022543033844890148,0.04522042199677092,0.038345491776971274,8,0.0016261714958013453,0.041899094548505024,0.0992190133039426,0.127613138650666,-0.7342237733719787,0.8658862420232255,0.006991838073060088,0.0014741482359141942,0.0105757434449808,True,0.0024651787492294425,-0.00017535726478742214,0.004008967685909616,False
long_only,mp,250,8,0.09880479861511869,0.0991799186092377,0.11414699784036766,0.1071840952789968,0.015342199225248982,0.002614930184948183,0.14624357639138627,0.13977482350828221,0.4248365658792363,0.3976156292428748,17.79965400415026,18.32727464228538,-0.6134300031336156,-0.4941585089605814,-0.07770014920548148,-0.044125193219934696,0.005775556649254452,0.0037811940741650897,0.013580742629662714,0.010223591484872136,0.039984036470571055,0.041083392538267136,8,-0.0037364872243192265,0.03150108046469486,0.10234367669979458,0.128194047548026,-1.1645000194126345,0.34884263387679915,0.009014818896667326,0.006333887440897353,0.011055351586506492,True,0.004791162673564107,0.002395770634760744,0.0071785817095011036,True
long_only,mp,500,8,0.0973814897607577,0.09998332049171291,0.11460038815460116,0.1115541543165352,0.017218898393843465,0.01089778147417634,0.13600476312341303,0.13623847684642093,0.19276436553279278,0.132570103193522,16.375429389727188,16.55309961360405,-0.5252608155280977,-0.003568737885316642,-0.0672939247207394,-0.00030600051675479245,0.005720326238452542,0.0048319788446936655,0.016297905973671,0.01628056506281286,0.022965203786685217,0.02042300217526558,8,0.0032950630095843064,0.03156287356231126,0.10135210402150244,0.12641068127079483,-1.0091888626275523,0.32146942678384605,0.008160829836171868,0.0037620136136506917,0.010691161574465974,True,0.0036610485057016334,-0.0004738779314730631,0.006000494956041427,False
long_only,mp,750,8,0.09983547983879583,0.09951662275984369,0.11650463083722482,0.1118445335154897,0.01666915099842898,0.009967243763430708,0.13522353136336135,0.1283343513475485,0.23741184437754143,0.14753762667004805,16.0093149650049,15.98908379548104,-0.43746825702375874,-0.056827138328663526,-0.06231050679477075,0.0030514152888438534,0.0138726581539558,0.01432709253290013,0.019832449025892013,0.0187177456841254,0.037240913347887795,0.044407159478325166,8,-0.0003206372383650156,0.03056904332468325,0.09942614236770489,0.1303089693257144,-0.8306065621329115,0.3213639244927259,0.008332040661292568,0.0028457094176375115,0.012207340937011934,True,0.004209591875890029,0.0006171707060512299,0.007318775341219143,True
long_only,raw,60,8,0.08714019294944936,0.0875796169983844,0.11711640827628088,0.11268071083898769,0.029976215326831524,0.01882660569106007,0.2087403997756057,0.21543205180829034,1.399228711881962,1.393043165620044,312.81930745819346,272.7635559841872,-0.44497790755714595,0.10908350951978246,-0.04759755195259116,0.008690736549570907,0.08328346109476507,0.05219930313024829,0.18368368268568003,0.18389189388961694,0.27205314150679,0.3206787786119104,8,0.015958693529486853,0.053635479221735796,0.10403307644107838,0.13221124194213646,-0.9484492243293983,0.6515003008419307,,,,,,,,
long_only,raw,90,8,0.09111167372830466,0.09890297211794816,0.1145025003305459,0.11088264225996147,0.023390826602241253,0.013026611249404203,0.17162721135305684,0.17213786383059712,0.9655265650027339,0.8988463233878566,125.2876387055962,117.2360197336008,-0.47468069396826607,0.06543119377376082,-0.06463620272169475,0.005199230411533079,0.061363721661545315,0.036598503448609876,0.15442166673735955,0.12472277850927166,0.24097392701581755,0.24425670705511937,8,0.00032924618514681286,0.053133498229919925,0.09959315698343785,0.13297753699659423,-0.8387905833874127,0.5782189210135957,,,,,,,,
long_only,raw,120,8,0.09796599250630028,0.10230943003406252,0.11100085258814071,0.10617107184695804,0.013034860081840436,-0.0010951375786734108,0.16282684072285525,0.16181218639603795,0.7511844068599011,0.6945230233540831,101.6084947093056,97.13447336759577,-0.2093015798392064,-0.05117801056530186,-0.03494034015773901,-0.002803370269442119,0.06817887870800668,0.04357128227216376,0.136339505127835,0.10484754437398831,0.18829269769665297,0.188117942813045,8,-0.008569884676400519,0.03905906420604589,0.09529155930030384,0.12640603221429472,-0.6427046637797409,0.7674992690773346,,,,,,,,
long_only,raw,250,8,0.1030284548382219,0.10513803987033468,0.10935583516680357,0.10411083838138024,0.0063273803285816554,-0.004916909237157589,0.14761951946808727,0.15060375482248817,0.45943872304155786,0.43385182957604757,63.05068533806389,63.61665832276128,-0.7347915856081639,-0.4929632945740198,-0.08656395616608564,-0.041670862965428795,0.038666806071821574,0.015652728226897807,0.06718916564998381,0.0710576417587318,0.13999221309165366,0.12302545257505296,8,-0.010004799854738356,0.021722778006536426,0.09653670471172496,0.12305208999011057,-1.2583410814122302,0.17613512324799244,,,,,,,,
long_only,raw,500,8,0.10188127109122792,0.10335496965946628,0.11093933964889952,0.10943515664029196,0.009058068557671597,0.006759035170739017,0.12590535665115887,0.12882997347484962,0.22928802125669265,0.19804078171315237,45.37727072349723,46.33796924437178,-0.5576969690316694,0.1345194834344689,-0.07162812579963326,0.009925399547358913,0.043458678348730635,0.03953526461541352,0.09896870965868242,0.10239182178125739,0.12699240833488012,0.13342412160264996,8,-0.005784146901765225,0.023079918339470186,0.09582932670838476,0.12587639873441822,-1.0746627212895097,0.4291623122710827,,,,,,,,
long_only,raw,750,8,0.10395792862419838,0.10497148633977632,0.11229503896133479,0.11146726633412726,0.00833711033713641,0.002807341261919963,0.12285843437159572,0.12156728219609425,0.19463473102481338,0.16920324920565397,41.00425620816596,41.186039301607615,-0.44161237563784106,0.20709832353773575,-0.06372346340586518,0.031090861192805894,0.05633619381996916,0.056126915376606704,0.08289833628322842,0.07387220882992884,0.14933694558957414,0.14343105168440248,8,-0.004523675862475294,0.023489795022166228,0.09582903187307332,0.12635958284692989,-0.9606596840644979,0.4740675107287329,,,,,,,,
unconstrained,clipped,60,8,0.07006998541952748,0.06627751658269881,0.1390464745824429,0.1230659834847099,0.0689764891629154,0.04314063761937543,0.23984889249914676,0.2289226983802629,2.906217722275518,2.7453407084385093,98.12497612155119,101.26015714441937,-0.5575871305784295,-0.18004927853445274,-0.07669574028242396,-0.02467816855130356,0.09656628192242332,0.030909257033486986,0.32287821934951233,0.2982839320580455,0.5734962850097208,0.5527348312241864,8,0.047018387155406335,0.10074800633789799,0.12020682620491267,0.16287082373087539,-0.7408787676418489,0.10871113030181795,-0.01865185146891471,-0.024584832087805784,-0.008514412157406007,True,-0.014592747961606619,-0.018875534094828013,-0.006942227339322784,True
unconstrained,clipped,90,8,0.07544440665563523,0.07867407039048128,0.1305407144473096,0.12006614877771482,0.05509630779167436,0.035257598294050396,0.21339929564528615,0.21094778883740117,2.351545689051818,2.6459688357402005,96.74524041199072,101.03848164689768,-0.36267610914381565,0.15492689968676893,-0.04469512676504953,0.01888915278590535,0.09309806904068683,0.10176798705805978,0.3483168193230217,0.3506496202177085,0.574672262193117,0.5525085826133087,8,0.03344568950563177,0.08724295271287058,0.11409296936076076,0.15333371562639242,-0.7225123104032101,0.554022216955105,-0.0013174756643733456,-0.0021203104911721483,-0.00046318044846540424,True,-0.0009629246809804565,-0.00172064271569714,-0.00020560390855654288,True
unconstrained,clipped,120,8,0.08662155227733605,0.0921423517243809,0.12140083687288027,0.10821843421324476,0.03477928459554422,0.016076082488863865,0.20294913263587866,0.1927964189517205,1.7441037704955147,1.5596369087799162,93.86393237871039,97.13447336759577,-0.22557479229159236,-0.15324414497781175,-0.03145844712996751,-0.018689927786782884,0.14757633974803192,0.1296405805371983,0.32558762378579537,0.3509356371309514,0.44316649954530773,0.42477748189711073,8,0.014892921303766222,0.061713386407415326,0.1081185073295696,0.136734146680492,-0.6947792475450683,0.5156250487103279,-0.0004264009135156975,-0.0006757912388880277,-1.3847430146985028e-16,True,-0.00036568623110639666,-0.00056929316647405,-1.5777310014009108e-16,True
unconstrained,clipped,250,8,0.09634621561474299,0.09638926048581321,0.1126518166399182,0.1048880898219646,0.016305601025175212,0.005905972674842448,0.1665846627617822,0.1624516356436958,0.9259402885095339,0.7553969004523009,63.05068533806397,63.61665832276134,-0.6530791872267947,-0.01559378311611008,-0.0830050022060452,-0.0012750438408123494,0.07477731566553482,0.05325708420617226,0.13301892234021107,0.10845571804495191,0.2558055102877863,0.2589017356669879,8,-0.001384841232732947,0.03204386136661658,0.09987194642985406,0.12619577117851474,-1.164179811924096,0.1505840309202739,7.45931094670027e-17,5.0306980803327406e-17,1.249000902703301e-16,True,5.551115123125783e-17,4.163336342344337e-17,8.847089727481716e-17,True
unconstrained,clipped,500,8,0.0980958497414193,0.09978652912654927,0.11045801557747238,0.1056542538603594,0.012362165836053084,0.009551206961813934,0.13989068341968763,0.1421262018296348,0.38545809805731635,0.339011163824307,45.37727072349722,46.33796924437173,-0.6547784676613698,0.0027515938351048846,-0.08077129696917287,0.0008659023259142504,0.04630858981592892,0.032666686232975216,0.14087895646760232,0.1257785763657462,0.16390782756203492,0.15533019917181745,8,-0.0025817743297068645,0.025775772542816135,0.09631956392184393,0.12459662564382469,-1.1787532443872202,0.22969490594879927,-3.8163916471489756e-17,-1.0408340855860843e-16,0.0,False,-3.469446951953614e-17,-6.245004513516506e-17,-2.2551405187698492e-17,True
unconstrained,clipped,750,8,0.10080432127120838,0.101362258187433,0.11111826742426588,0.10947390692979768,0.010313946153057512,0.004031917029074912,0.1298785452117393,0.13192426191344642,0.31000843407302325,0.27950946422470624,41.00425620816597,41.18603930160755,-0.689313074430671,-0.40750109698682324,-0.08532339413419095,-0.03880318215815099,0.0755674179577052,0.07860808018701096,0.12755921630136585,0.1345831620838377,0.21564329824564302,0.21340392531718433,8,-0.0022636983866824445,0.02497649740268302,0.09544889718438301,0.1250707678999474,-1.0917320282250704,-0.004005042532794642,-1.5612511283791264e-17,-5.724587470723463e-17,1.734723475976807e-17,False,-6.938893903907228e-18,-2.949029909160572e-17,2.42861286636753e-17,False
unconstrained,ledoit_wolf,60,8,0.07673090735192444,0.07494694436792644,0.11514258087277936,0.11126948494752119,0.03841167352085492,0.02042911394400626,0.15268185981763274,0.15913178273443065,1.6482819981580226,1.6368229887534596,36.86790400029863,33.103776126117005,-0.4663164009871606,0.3229033716974587,-0.05446665825594598,0.03299623479757559,0.05911039332283035,0.01666473732656764,0.17931860228512703,0.1357865577114758,0.3137027150064471,0.30223023848021624,8,0.02122103864500076,0.060879488877624156,0.09937697914813307,0.13320343813201516,-0.8125736879886564,0.46078211767278543,-0.0492166671109752,-0.05872668011266161,-0.03840536517606474,True,-0.03849664167127016,-0.048682292011950734,-0.027882187005813734,True
unconstrained,ledoit_wolf,90,8,0.07986339664212316,0.08449438065830989,0.11627929609439183,0.11087412578759627,0.03641589945226867,0.019135221652090938,0.1453274908869881,0.1526957546276699,1.4773016747892354,1.7017414481982878,40.445741922624876,45.18462828791928,-0.4606312482113982,0.22873499402509884,-0.054538462169418364,0.025316363652594865,0.04926798037712836,0.038476299466376394,0.19504534950481733,0.19063416838239605,0.3529184102574316,0.32775685583753045,8,0.016713821460106713,0.06282432570332093,0.10159010429168042,0.13373365128796894,-0.8947182634639348,0.5612224689833795,-0.01999788400377904,-0.026352635692343845,-0.01653983168104267,True,-0.015224343033898224,-0.022403099308412677,-0.011426745877387382,True
unconstrained,ledoit_wolf,120,8,0.08811740616652586,0.09246067949822555,0.11211229394780425,0.10410237823783332,0.023994887781278403,0.008129258076333516,0.1440058839379793,0.13504750712270028,1.1680525087280798,1.0135964445640464,39.796466795637556,42.24598218932822,-0.3097118571083658,-0.0631925206094768,-0.04068878320854712,-0.007709729478666127,0.07427259774832581,0.03579873124790929,0.17508172064877364,0.1457684468189632,0.25916211027302377,0.23146262512741356,8,0.0034537856820168345,0.0484026919981244,0.09669127244847858,0.1269371509945849,-0.8455506779192912,0.663077044933773,-0.011210797727781512,-0.014568749215857163,-0.009871968544839897,True,-0.0096542291561824,-0.013265092824872917,-0.008264079879810309,True
unconstrained,ledoit_wolf,250,8,0.09549776762802539,0.09579974131567173,0.11004933873289795,0.10372449803182934,0.014551571104872563,0.003914234761900032,0.14067826241404488,0.1429551278235715,0.7325533282850234,0.6473912845424812,38.891960455515445,38.62236061492586,-0.6480142219734419,-0.018565057037170082,-0.08099030883614552,0.0038428222864709677,0.043247822148157346,0.03349444843160111,0.08337201385446028,0.07703744791696077,0.1760937820870631,0.17582191463751046,8,-0.00274930778897187,0.029645286777839945,0.09816159430465018,0.1235583124011616,-1.1463852841919746,0.22322233861296026,-0.0017540299203025762,-0.0024812084936359606,-0.0008173460385294488,True,-0.002602477907020192,-0.0030679555513045895,-0.001831207234523841,True
unconstrained,ledoit_wolf,500,8,0.09688562013558628,0.0986153141960958,0.109772517524442,0.10593020322106343,0.012886897388855718,0.009628793359933496,0.12382717741511223,0.12388170987950609,0.329219077772606,0.29353857590442056,34.12521738697863,34.53645583665744,-0.611308013162526,0.08550577376790403,-0.0763888204176136,0.009373410238433622,0.03033096050003112,0.023081290584837592,0.10367056730376999,0.09985425810261461,0.12329223496481664,0.11935959002971915,8,-0.0018308987933205022,0.026188916205890714,0.09564945293919644,0.1237479307348918,-1.1450167725443892,0.30516930199278897,0.0005247315528025959,-0.00021006140701053215,0.0014720910891450854,False,-0.0006854980530304165,-0.0012608893417658962,1.0718666911281247e-05,False
unconstrained,ledoit_wolf,750,8,0.0998988736930072,0.10040684238293338,0.11068499700223541,0.10929867763455116,0.010786123309228218,0.004688779355381756,0.1207534967515105,0.11946804087163754,0.28414429331398744,0.258080080564442,34.39603915241228,34.357804508194114,-0.6506363353093514,-0.32351160734764545,-0.08156953632523842,-0.03023587474732753,0.06073616782831755,0.06313390968609947,0.10529208809817778,0.11335806725671509,0.1846928315028306,0.18111453080449658,8,-0.0016626100654196056,0.025240269000460034,0.09497147751298912,0.12429322277645138,-1.0476171024992462,0.07032414146698053,0.00047217715617068994,0.0002246775820709656,0.0008213190366180931,True,-0.000433270422030476,-0.0007331925473235273,-4.148924566739834e-06,True
unconstrained,mp,60,8,0.0727398776168197,0.07197109722711692,0.1151956221971264,0.11826889101844604,0.042455744580306695,0.03332082674584957,0.14510448470594925,0.14362107573320315,1.365747804147608,1.2175277116042706,16.379461742852698,16.25733278288824,-0.5998057721205253,-0.009036587275931679,-0.07534026613107722,-0.0008516756196759578,0.011700049068476643,0.0023151440507606417,0.034563799635902094,0.02322215539500415,0.06557903865305315,0.05364596670060317,8,0.026620048066211245,0.06237005147149343,0.10158779255640002,0.1310584056063485,-1.1569307274474823,0.5523238140823132,-0.04517259605152342,-0.056153217106295464,-0.03311309130143823,True,-0.03844360034692312,-0.052601540562457805,-0.026176372227640004,True
unconstrained,mp,90,8,0.07715141083181658,0.07796924772146568,0.11796786525261463,0.11318203316835893,0.04081645442079805,0.02955731511248998,0.1473626866060897,0.14095181727002815,1.1983866941918524,1.0961972919982235,17.61609289411542,17.197766137263812,-0.635793569291262,-0.2539316721215715,-0.06970048982760987,-0.023128016552352235,0.0077612112533616325,0.006490687369294433,0.040627176538796446,0.039117560796184475,0.08661571930376552,0.09275353345977144,8,0.024108833556306247,0.06459388273108903,0.1075694331297525,0.1327612532730737,-0.839864703050001,0.07207706089882371,-0.015597329035249661,-0.024598996703084304,-0.009906747428624655,True,-0.013535773875675429,-0.0235777767572412,-0.005803217595673361,True
unconstrained,mp,120,8,0.08349488592787183,0.08674197533305839,0.11517194821665637,0.11189432905703378,0.031677062288784544,0.018173588607964412,0.14361837557216947,0.1344074845664801,0.9121980644487014,0.7848377162656522,18.346319901483373,19.48637224234032,-0.4526767877754384,0.022518643348319045,-0.05030713746205342,0.0028494639039690745,0.010509055333089354,0.007415816984843962,0.029320300154061486,0.028076145236472283,0.04924058562701436,0.04075905130806877,8,0.016449591392168977,0.0527082431069508,0.10465003428934055,0.12738733945321035,-0.8365997598298465,0.5305933786449301,-0.0035286232202753707,-0.012863744272509864,0.0018856403372086749,False,-0.006594574887330288,-0.013488637206008446,-0.0020018142475682625,True
unconstrained,mp,250,8,0.09037057429396303,0.09055196907445401,0.11674512578434235,0.10754075431762183,0.02637455149037932,0.013868260668998884,0.14457000591069283,0.15047993713555868,0.6831593952597992,0.6254118991945479,17.79965400415026,18.32727464228538,-0.7307485699187118,-0.6583930912451377,-0.08934551394487203,-0.06166545961547568,0.00587291887541064,0.003438151880522775,0.012390538285289146,0.010721978258915915,0.03325357030046449,0.03497255806461005,8,0.005527881234064889,0.04720065212800935,0.10339235769960628,0.1341234601294306,-1.3498362155402392,0.22856557832504432,0.01006895046520418,0.004976056571196832,0.016245081480614577,True,0.004093309144424207,-0.0007891305901986112,0.009218650659832415,False
unconstrained,mp,500,8,0.0913317210157797,0.09368907755570968,0.11382313448514195,0.10871057633825953,0.022491413469362252,0.019715520785923958,0.1348385989634555,0.13386344979110723,0.2816328783890204,0.20909885062632483,16.375429389727188,16.55309961360405,-0.7795435338423625,-0.49797481647287944,-0.08778172853090946,-0.044823022546061235,0.0040237456204759115,0.0030306852118302478,0.015547772618229198,0.014661155235109708,0.0201927504043448,0.017729634032040597,8,0.007712130868595986,0.03445621526232029,0.10101024766862103,0.12410226236741553,-1.1854496438371886,-0.06984432862543237,0.010129247633309132,0.004489766111002116,0.012079355997066053,True,0.003365118907669532,-0.002533820817567912,0.005962697874066142,False
unconstrained,mp,750,8,0.09422116048145514,0.09346495141592617,0.11587343841724057,0.11358268462695037,0.02165227793578543,0.01766654607980777,0.14044576093982866,0.13468175959102313,0.3321521017513254,0.19877741973857005,16.0093149650049,15.98908379548104,-0.7571287716545854,-0.8157317187210159,-0.08980098601305012,-0.07529307758400179,0.008751934628157546,0.008431140421530176,0.016653747342018573,0.017183020526558557,0.03647671323090802,0.03553533754687573,8,0.005861130526665972,0.03335812746370162,0.10024715903783307,0.12815225446509784,-1.0792906546959962,-0.15457805574758907,0.011338331782727902,0.003155384571498941,0.016330167451963813,True,0.004755170992974674,-0.0023453401540664814,0.009629980978004476,False
unconstrained,raw,60,8,0.0660108819122194,0.06465679013921853,0.15363922254404952,0.13498468010649586,0.08762834063183012,0.058365265704478114,0.30839011668716704,0.26524473007591065,4.038609490004216,4.191439500973889,312.81930745819346,272.7635559841872,-0.5992207812345833,-0.4437647012793218,-0.09667054366374406,-0.09098097263839874,0.2607656542015071,0.1269348360703313,0.5225959346876701,0.5074816649052151,0.7396899815034692,0.71154801820086,8,0.061305709599634946,0.11660563063524895,0.12868463137296793,0.17986709027558456,-0.8865398658937294,0.16790668163432698,,,,,,,,
unconstrained,raw,90,8,0.07508985567224236,0.07829443422773676,0.13150363912829005,0.1205210144933763,0.05641378345604771,0.03726887460138931,0.22204651538905806,0.22230768269032827,2.476079174996419,2.7312108453386514,125.2876387055962,117.2360197336008,-0.3940230782931451,-0.007165505980000715,-0.04844005760682363,-0.00046231100968578817,0.12411311940213783,0.10365471883149874,0.3919763316818696,0.38557202550590153,0.6054591439069241,0.6016018783945016,8,0.034015580984930904,0.08902662167695394,0.11434405715675856,0.15480954360869084,-0.7430275860964075,0.4726252810471008,,,,,,,,
unconstrained,raw,120,8,0.08656083759492675,0.0919592181643621,0.12176652310398665,0.10872915062935742,0.03520568550905991,0.01707364379035338,0.20340795591212152,0.1927952544501041,1.774094724829347,1.6730508082891071,101.6084947093056,97.13447336759577,-0.19512940903692327,-0.03146261195915506,-0.0283334461481034,-0.0061899238593286394,0.16078598416450188,0.1510394479306656,0.3366802361399419,0.3797221515369247,0.45290677251616474,0.45228809436198003,8,0.015423953068196014,0.06189039699555873,0.10860474521678556,0.1369377536158598,-0.6947792475450699,0.548115103133968,,,,,,,,
unconstrained,raw,250,8,0.096346215614743,0.0963892604858132,0.11265181663991815,0.1048880898219646,0.01630560102517514,0.005905972674842337,0.16658466276178222,0.16245163564369547,0.9259402885095314,0.7553969004522961,63.05068533806389,63.61665832276128,-0.6530791872267929,-0.015593783116102877,-0.08300500220604498,-0.001275043840811626,0.07477731566553468,0.05325708420617152,0.13301892234021068,0.10845571804495104,0.2558055102877855,0.2589017356669874,8,-0.0013848412327330476,0.03204386136661646,0.099871946429854,0.1261957711785147,-1.164179811924095,0.15058403092027955,,,,,,,,
unconstrained,raw,500,8,0.0980958497414193,0.09978652912654924,0.11045801557747242,0.10565425386035941,0.012362165836053122,0.009551206961813996,0.13989068341968833,0.14212620182963553,0.3854580980573167,0.3390111638243049,45.37727072349723,46.33796924437178,-0.6547784676613717,0.0027515938351039618,-0.08077129696917308,0.0008659023259141732,0.04630858981592887,0.03266668623297663,0.1408789564676033,0.12577857636574918,0.16390782756203587,0.1553301991718184,8,-0.0025817743297068593,0.025775772542816214,0.09631956392184396,0.12459662564382473,-1.1787532443872217,0.2296949059487972,,,,,,,,
unconstrained,raw,750,8,0.10080432127120836,0.10136225818743289,0.11111826742426589,0.10947390692979767,0.010313946153057528,0.004031917029074905,0.1298785452117392,0.1319242619134447,0.31000843407302414,0.2795094642247032,41.00425620816596,41.186039301607615,-0.6893130744306736,-0.40750109698682774,-0.08532339413419113,-0.03880318215815137,0.07556741795770544,0.07860808018701054,0.12755921630136577,0.13458316208383883,0.2156432982456429,0.21340392531718533,8,-0.0022636983866823977,0.024976497402683033,0.09544889718438299,0.12507076789994742,-1.091732028225073,-0.00400504253279764,,,,,,,,
