constraint,window,n_periods,risk_gap_mean,risk_gap_lo,risk_gap_hi,realized_risk_mean,realized_risk_lo,realized_risk_hi,n_adjusted_mean,cond_median,sigma2_rule
long_only,60,8,0.028895604147298765,0.015875139635967372,0.0526375382532677,0.115985168569958,0.10547068898902193,0.1300299206138622,24.875,23.091474636524374,median
long_only,90,8,0.020467173869893197,-0.0014122308649235152,0.04797018229205828,0.11188646643186759,0.09764852206896787,0.12861849653225954,24.5,23.591281167877383,median
long_only,120,8,0.01259250300877482,-0.007528412870564183,0.038436866610341736,0.11034317682162702,0.096182985034924,0.1249711246842673,24.375,24.426738990252442,median
long_only,250,8,0.0057892153392771865,-0.0105526891954413,0.021466577243109908,0.10916648531812809,0.09669676595080695,0.12315124037013184,24.0,22.287217122719944,median
long_only,500,8,0.008540983314502516,-0.005682711119366942,0.022083473113014798,0.11065078363885777,0.09636690971931287,0.12478694795219177,22.875,20.381872021940776,median
long_only,750,8,0.008034179686721097,-0.004390958680553668,0.02243938867085493,0.11226993321095086,0.09641914544310215,0.12583469464856534,21.25,19.799884633712132,median
long_only,60,8,0.029976215326831524,0.015958693529486853,0.053635479221735796,0.11711640827628089,0.10403307644107838,0.13221124194213646,,272.7635559841872,raw
long_only,90,8,0.023390826602241253,0.00032924618514681286,0.053133498229919925,0.1145025003305459,0.09959315698343785,0.13297753699659423,,117.2360197336008,raw
long_only,120,8,0.013034860081840436,-0.008569884676400519,0.03905906420604589,0.11100085258814071,0.09529155930030384,0.12640603221429472,,97.13447336759577,raw
long_only,250,8,0.0063273803285816554,-0.010004799854738356,0.021722778006536426,0.10935583516680356,0.09653670471172496,0.12305208999011057,,63.61665832276128,raw
long_only,500,8,0.009058068557671597,-0.005784146901765225,0.023079918339470186,0.11093933964889952,0.09582932670838476,0.12587639873441822,,46.33796924437178,raw
long_only,750,8,0.00833711033713641,-0.004523675862475294,0.023489795022166228,0.11229503896133479,0.09582903187307332,0.12635958284692989,,41.186039301607615,raw
long_only,60,8,0.03304109832656083,0.019600506556341456,0.05152183524708982,0.11391056737896593,0.10177253089252906,0.12886358104946527,28.375,16.25733278288824,trace
long_only,90,8,0.02843376265127829,0.007934254267207,0.05201178819952577,0.1146737439755994,0.10181768227871468,0.12996928135089283,27.75,17.197766137263812,trace
long_only,120,8,0.020026698154900525,0.0016261714958013453,0.041899094548505024,0.11346603133737015,0.0992190133039426,0.127613138650666,27.75,19.48637224234032,trace
long_only,250,8,0.015342199225248982,-0.0037364872243192265,0.03150108046469486,0.11414699784036766,0.10234367669979458,0.128194047548026,27.25,18.32727464228538,trace
long_only,500,8,0.017218898393843465,0.0032950630095843064,0.03156287356231126,0.11460038815460116,0.10135210402150244,0.12641068127079483,27.0,16.55309961360405,trace
long_only,750,8,0.01666915099842898,-0.0003206372383650156,0.03056904332468325,0.11650463083722482,0.09942614236770489,0.1303089693257144,26.5,15.98908379548104,trace
unconstrained,60,8,0.04098442700447537,0.027649673340789445,0.06568885521935028,0.11785063556867756,0.10588787701554914,0.13474150344795946,24.875,23.091474636524374,median
unconstrained,90,8,0.03583820201768871,0.019934432817471925,0.06121877283947998,0.11637596171922943,0.10430007155052594,0.13273547995850615,24.5,23.591281167877383,median
unconstrained,120,8,0.025646292023928544,0.010180196947504314,0.0473297095574237,0.11402686605383718,0.1024058388904486,0.12614267818732355,24.375,24.426738990252442,median
unconstrained,250,8,0.014640942700377056,-0.0003510669511119658,0.028604684046114937,0.11150322376662522,0.10174593463194662,0.123345076575618,24.0,22.287217122719944,median
unconstrained,500,8,0.011645169786602154,-0.0018370501050576967,0.024378598099669087,0.1099557622824586,0.09667062735840065,0.1231316387064286,22.875,20.381872021940776,median
unconstrained,750,8,0.00961441306758916,-0.0021048578213069026,0.022923929972445953,0.11095019821983321,0.09629385069766769,0.12348536266947034,21.25,19.799884633712132,median
unconstrained,60,8,0.08762834063183012,0.061305709599634946,0.11660563063524895,0.15363922254404952,0.12868463137296793,0.17986709027558456,,272.7635559841872,raw
unconstrained,90,8,0.05641378345604771,0.034015580984930904,0.08902662167695394,0.13150363912829005,0.11434405715675856,0.15480954360869084,,117.2360197336008,raw
unconstrained,120,8,0.03520568550905991,0.015423953068196014,0.06189039699555873,0.12176652310398667,0.10860474521678556,0.1369377536158598,,97.13447336759577,raw
unconstrained,250,8,0.01630560102517514,-0.0013848412327330476,0.03204386136661646,0.11265181663991813,0.099871946429854,0.1261957711785147,,63.61665832276128,raw
unconstrained,500,8,0.012362165836053122,-0.0025817743297068593,0.025775772542816214,0.11045801557747242,0.09631956392184396,0.12459662564382473,,46.33796924437178,raw
unconstrained,750,8,0.010313946153057528,-0.0022636983866823977,0.024976497402683033,0.11111826742426589,0.09544889718438299,0.12507076789994742,,41.186039301607615,raw
unconstrained,60,8,0.042455744580306695,0.026620048066211245,0.06237005147149343,0.1151956221971264,0.10158779255640002,0.1310584056063485,28.375,16.25733278288824,trace
unconstrained,90,8,0.04081645442079805,0.024108833556306247,0.06459388273108903,0.11796786525261463,0.1075694331297525,0.1327612532730737,27.75,17.197766137263812,trace
unconstrained,120,8,0.031677062288784544,0.016449591392168977,0.0527082431069508,0.11517194821665637,0.10465003428934055,0.12738733945321035,27.75,19.48637224234032,trace
unconstrained,250,8,0.026374551490379324,0.005527881234064889,0.04720065212800935,0.11674512578434235,0.10339235769960628,0.1341234601294306,27.25,18.32727464228538,trace
unconstrained,500,8,0.022491413469362252,0.007712130868595986,0.03445621526232029,0.11382313448514195,0.10101024766862103,0.12410226236741553,27.0,16.55309961360405,trace
unconstrained,750,8,0.02165227793578543,0.005861130526665972,0.03335812746370162,0.11587343841724057,0.10024715903783307,0.12815225446509784,26.5,15.98908379548104,trace
