constraint,window,n_periods,risk_gap_mean,risk_gap_lo,risk_gap_hi,realized_risk_mean,realized_risk_lo,realized_risk_hi,n_adjusted_mean,cond_median,eps_fraction
long_only,60,8,0.029976215326831524,0.015958693529486853,0.053635479221735796,0.11711640827628089,0.10403307644107838,0.13221124194213646,,272.7635559841872,0.0
long_only,90,8,0.023390826602241253,0.00032924618514681286,0.053133498229919925,0.1145025003305459,0.09959315698343785,0.13297753699659423,,117.2360197336008,0.0
long_only,120,8,0.013034860081840436,-0.008569884676400519,0.03905906420604589,0.11100085258814071,0.09529155930030384,0.12640603221429472,,97.13447336759577,0.0
long_only,250,8,0.0063273803285816554,-0.010004799854738356,0.021722778006536426,0.10935583516680356,0.09653670471172496,0.12305208999011057,,63.61665832276128,0.0
long_only,500,8,0.009058068557671597,-0.005784146901765225,0.023079918339470186,0.11093933964889952,0.09582932670838476,0.12587639873441822,,46.33796924437178,0.0
long_only,750,8,0.00833711033713641,-0.004523675862475294,0.023489795022166228,0.11229503896133479,0.09582903187307332,0.12635958284692989,,41.186039301607615,0.0
long_only,60,8,0.02997621532683152,0.015958693529486867,0.05363547922173582,0.11711640827628089,0.1040330764410784,0.1322112419421365,0.0,272.7635559841888,0.01
long_only,90,8,0.023390826602241312,0.0003292461851469083,0.05313349822991999,0.11450250033054593,0.0995931569834379,0.13297753699659426,0.0,117.23601973360067,0.01
long_only,120,8,0.013034860081840429,-0.008569884676400507,0.03905906420604592,0.11100085258814069,0.09529155930030381,0.12640603221429472,0.0,97.13447336759577,0.01
long_only,250,8,0.006327380328581697,-0.01000479985473828,0.02172277800653645,0.10935583516680358,0.09653670471172501,0.1230520899901106,0.0,63.61665832276134,0.01
long_only,500,8,0.009058068557671578,-0.0057841469017652185,0.023079918339470137,0.1109393396488995,0.09582932670838473,0.1258763987344182,0.0,46.33796924437173,0.01
long_only,750,8,0.008337110337136354,-0.004523675862475379,0.023489795022166162,0.11229503896133472,0.09582903187307326,0.12635958284692977,0.0,41.18603930160755,0.01
long_only,60,8,0.02982735172044948,0.01579031785116209,0.05361888122525651,0.11702609268501758,0.10392163871416746,0.13214383435207408,1.375,202.52031428883774,0.05
long_only,90,8,0.023390826602241312,0.0003292461851469083,0.05313349822991999,0.11450250033054593,0.0995931569834379,0.13297753699659426,0.0,117.23601973360067,0.05
long_only,120,8,0.013034860081840429,-0.008569884676400507,0.03905906420604592,0.11100085258814069,0.09529155930030381,0.12640603221429472,0.0,97.13447336759577,0.05
long_only,250,8,0.006327380328581697,-0.01000479985473828,0.02172277800653645,0.10935583516680358,0.09653670471172501,0.1230520899901106,0.0,63.61665832276134,0.05
long_only,500,8,0.009058068557671578,-0.0057841469017652185,0.023079918339470137,0.1109393396488995,0.09582932670838473,0.1258763987344182,0.0,46.33796924437173,0.05
long_only,750,8,0.008337110337136354,-0.004523675862475379,0.023489795022166162,0.11229503896133472,0.09582903187307326,0.12635958284692977,0.0,41.18603930160755,0.05
long_only,60,8,0.029364775932038366,0.01535878378071832,0.053387301163487076,0.11682422947862448,0.10364652969783929,0.1320906228227311,4.125,101.26015714441937,0.1
long_only,90,8,0.02337929330638775,0.0003891637931311264,0.05309867006325849,0.11452452797588544,0.09964585080481014,0.13297797066532802,1.5,101.03848164689768,0.1
long_only,120,8,0.013029040448724659,-0.008580953274184327,0.03905537467345131,0.11100068683846337,0.09528250422182263,0.1264088848241111,0.25,97.13447336759577,0.1
long_only,250,8,0.006327380328581697,-0.01000479985473828,0.02172277800653645,0.10935583516680358,0.09653670471172501,0.1230520899901106,0.0,63.61665832276134,0.1
long_only,500,8,0.009058068557671578,-0.0057841469017652185,0.023079918339470137,0.1109393396488995,0.09582932670838473,0.1258763987344182,0.0,46.33796924437173,0.1
long_only,750,8,0.008337110337136354,-0.004523675862475379,0.023489795022166162,0.11229503896133472,0.09582903187307326,0.12635958284692977,0.0,41.18603930160755,0.1
long_only,60,8,0.026774939895536493,0.01249196030822721,0.051342237187146415,0.11568776387612742,0.10214195531457562,0.13137495685087075,10.125,40.50406285776778,0.25
long_only,90,8,0.021668214156662674,-0.0009172922636886648,0.0509310623349435,0.11378034292963438,0.09878593513308567,0.13184728665677092,8.25,40.4153926587591,0.25
long_only,120,8,0.011584783315730334,-0.010193926244281972,0.038335528162196625,0.11015606328340116,0.09431404708928376,0.12588701605021527,7.875,40.598996931809346,0.25
long_only,250,8,0.005964748836734651,-0.010313241995742036,0.021287316343497873,0.10911704983573975,0.09616216623675389,0.12274190087972586,4.25,40.83318047986022,0.25
long_only,500,8,0.008933966584127413,-0.005832855580352682,0.022876291315044553,0.1108739780492017,0.09585699557845104,0.1257304934452194,2.125,38.145747718684696,0.25
long_only,750,8,0.008322975943952118,-0.004506304111431067,0.023446289845612422,0.11231200210172843,0.09590469239695665,0.12631128307746894,1.5,36.38316576309385,0.25
long_only,60,8,0.02121806769326911,0.0070891613875356495,0.04666813685776937,0.11328933414094523,0.10003185401927518,0.12877369543651365,16.25,20.252031428883857,0.5
long_only,90,8,0.01721795929314246,-0.0047376596838728455,0.04557635306432522,0.11198073680493333,0.09709163546054546,0.1289529050392343,15.5,20.20769632937955,0.5
long_only,120,8,0.008783485200965646,-0.012725792238753086,0.035274336929729824,0.10921196947389455,0.09371437978464227,0.12443693542502804,15.0,20.299498465904616,0.5
long_only,250,8,0.004214249194326369,-0.012315564960670601,0.019622878207717735,0.10867857879933682,0.09601707276133556,0.12251048852528315,14.125,20.416590239930073,0.5
long_only,500,8,0.007556575011650248,-0.006793255141745202,0.0211686660301119,0.1103637187758853,0.09588646511112392,0.12459383951155233,13.625,19.072873859342266,0.5
long_only,750,8,0.007696967041920919,-0.00472216587373925,0.022295131873003686,0.1123365851730346,0.09639136636764087,0.12610916505190264,13.0,18.191582881546964,0.5
unconstrained,60,8,0.08762834063183012,0.061305709599634946,0.11660563063524895,0.15363922254404952,0.12868463137296793,0.17986709027558456,,272.7635559841872,0.0
unconstrained,90,8,0.05641378345604771,0.034015580984930904,0.08902662167695394,0.13150363912829005,0.11434405715675856,0.15480954360869084,,117.2360197336008,0.0
unconstrained,120,8,0.03520568550905991,0.015423953068196014,0.06189039699555873,0.12176652310398667,0.10860474521678556,0.1369377536158598,,97.13447336759577,0.0
unconstrained,250,8,0.01630560102517514,-0.0013848412327330476,0.03204386136661646,0.11265181663991813,0.099871946429854,0.1261957711785147,,63.61665832276128,0.0
unconstrained,500,8,0.012362165836053122,-0.0025817743297068593,0.025775772542816214,0.11045801557747242,0.09631956392184396,0.12459662564382473,,46.33796924437178,0.0
unconstrained,750,8,0.010313946153057528,-0.0022636983866823977,0.024976497402683033,0.11111826742426589,0.09544889718438299,0.12507076789994742,,41.186039301607615,0.0
unconstrained,60,8,0.08762834063183021,0.061305709599635196,0.11660563063524905,0.1536392225440496,0.1286846313729681,0.17986709027558462,0.0,272.7635559841888,0.01
unconstrained,90,8,0.056413783456047736,0.03401558098493097,0.0890266216769541,0.1315036391282901,0.11434405715675858,0.15480954360869095,0.0,117.23601973360067,0.01
unconstrained,120,8,0.03520568550905985,0.015423953068196017,0.06189039699555859,0.12176652310398656,0.10860474521678548,0.13693775361585966,0.0,97.13447336759577,0.01
unconstrained,250,8,0.016305601025175212,-0.001384841232732947,0.03204386136661658,0.1126518166399182,0.09987194642985406,0.12619577117851474,0.0,63.61665832276134,0.01
unconstrained,500,8,0.012362165836053084,-0.0025817743297068645,0.025775772542816135,0.1104580155774724,0.09631956392184393,0.12459662564382469,0.0,46.33796924437173,0.01
unconstrained,750,8,0.010313946153057512,-0.0022636983866824445,0.02497649740268302,0.11111826742426589,0.09544889718438301,0.1250707678999474,0.0,41.18603930160755,0.01
unconstrained,60,8,0.08240990538482107,0.05638361927489331,0.11314824212685709,0.14955867242281623,0.1255017936017782,0.17519741257321944,1.375,202.52031428883774,0.05
unconstrained,90,8,0.056413783456047736,0.03401558098493097,0.0890266216769541,0.1315036391282901,0.11434405715675858,0.15480954360869095,0.0,117.23601973360067,0.05
unconstrained,120,8,0.03520568550905985,0.015423953068196017,0.06189039699555859,0.12176652310398656,0.10860474521678548,0.13693775361585966,0.0,97.13447336759577,0.05
unconstrained,250,8,0.016305601025175212,-0.001384841232732947,0.03204386136661658,0.1126518166399182,0.09987194642985406,0.12619577117851474,0.0,63.61665832276134,0.05
unconstrained,500,8,0.012362165836053084,-0.0025817743297068645,0.025775772542816135,0.1104580155774724,0.09631956392184393,0.12459662564382469,0.0,46.33796924437173,0.05
unconstrained,750,8,0.010313946153057512,-0.0022636983866824445,0.02497649740268302,0.11111826742426589,0.09544889718438301,0.1250707678999474,0.0,41.18603930160755,0.05
unconstrained,60,8,0.0689764891629154,0.047018387155406335,0.10074800633789799,0.1390464745824429,0.12020682620491267,0.16287082373087539,4.125,101.26015714441937,0.1
unconstrained,90,8,0.05509630779167436,0.03344568950563177,0.08724295271287058,0.13054071444730958,0.11409296936076076,0.15333371562639242,1.5,101.03848164689768,0.1
unconstrained,120,8,0.03477928459554421,0.014892921303766222,0.061713386407415326,0.12140083687288027,0.1081185073295696,0.136734146680492,0.25,97.13447336759577,0.1
unconstrained,250,8,0.016305601025175212,-0.001384841232732947,0.03204386136661658,0.1126518166399182,0.09987194642985406,0.12619577117851474,0.0,63.61665832276134,0.1
unconstrained,500,8,0.012362165836053084,-0.0025817743297068645,0.025775772542816135,0.1104580155774724,0.09631956392184393,0.12459662564382469,0.0,46.33796924437173,0.1
unconstrained,750,8,0.010313946153057512,-0.0022636983866824445,0.02497649740268302,0.11111826742426589,0.09544889718438301,0.1250707678999474,0.0,41.18603930160755,0.1
unconstrained,60,8,0.047345199381654844,0.027723553549385105,0.07738338410136593,0.12419120077235757,0.10725617684113822,0.146298749947334,10.125,40.50406285776778,0.25
unconstrained,90,8,0.042227794333359554,0.021278483941513916,0.07340197766201666,0.12216190013049039,0.10708724006853083,0.14289874472380604,8.25,40.4153926587591,0.25
unconstrained,120,8,0.026238842066140564,0.004777817926968776,0.055909557822022275,0.11531051865212263,0.10132241783061416,0.13164641139866368,7.875,40.598996931809346,0.25
unconstrained,250,8,0.014567242043239914,-0.00334908264050297,0.030177662987741945,0.11132539988487292,0.09881664633583984,0.12505643437681754,4.25,40.83318047986022,0.25
unconstrained,500,8,0.012046040832885258,-0.0026878465193524246,0.02532240001164102,0.11025298297757183,0.09624756315265529,0.12427665719805663,2.125,38.145747718684696,0.25
unconstrained,750,8,0.010211227442204448,-0.0022713367954562327,0.02478002975070507,0.11108366207989279,0.09548883460727116,0.12487326056414932,1.5,36.38316576309385,0.25
unconstrained,60,8,0.03031250725191565,0.01406254901532672,0.05748586531607609,0.11552204285152883,0.10110301124593976,0.1341664598482295,16.25,20.252031428883857,0.5
unconstrained,90,8,0.026763997713692013,0.005520984984980978,0.05625416850486602,0.11424204460670928,0.10025549665159555,0.13183229871998547,15.5,20.20769632937955,0.5
unconstrained,120,8,0.015761890115415712,-0.005482019156580767,0.04265860795848123,0.1101516451451305,0.09543246033461705,0.12561789491927564,15.0,20.299498465904616,0.5
unconstrained,250,8,0.008959143049814598,-0.00824522121942526,0.02381413337858966,0.10860472823394983,0.09666071076438817,0.12179354348326288,14.125,20.416590239930073,0.5
unconstrained,500,8,0.009487280835817447,-0.004342619171485368,0.022196246803524874,0.10923748693187901,0.09585898085330591,0.12256611793119579,13.625,19.072873859342266,0.5
unconstrained,750,8,0.008555021949528683,-0.003326453949243035,0.022117605928978434,0.1106888333529514,0.09547443720757695,0.12351652542488546,13.0,18.191582881546964,0.5
