window,quantity,tier,theory,mc_mean,mc_se,z,ok,ks_p
60,pred_var_over_V,tier1,0.5084745762711864,0.5086753988574243,0.0013157550276875524,0.1526291612131081,True,
60,true_var_over_V,tier2,2.0,2.000657971752613,0.0038367074359387664,0.17149385602083542,True,
60,var_ratio_per_run,tier2,4.214285714285714,4.213021742070639,0.014219715262532738,-0.08888871483986499,True,
60,std_ratio,tier2,2.0182715754045493,2.0154713889541127,0.0037960817859628002,-0.728517551876191,True,
60,KS: (T-1)Q ~ chi2_{T-N},tier1,,,,,True,0.4303524654628378
60,KS: (R-1)(T-N+1)/(N-1) ~ F,tier2,,,,,True,0.7880966344367577
90,pred_var_over_V,tier1,0.6741573033707865,0.6739419339052981,0.0012503884034881173,-0.17224205285940783,True,
90,true_var_over_V,tier2,1.4915254237288136,1.4929086562642933,0.0016006758579455332,0.8641553057813035,True,
90,var_ratio_per_run,tier2,2.288720046756283,2.2943957955079046,0.005081739164490903,1.116891002844357,True,
90,std_ratio,tier2,1.4984405450684246,1.4990032360963552,0.002157122936983793,0.2577438116309312,True,
90,KS: (T-1)Q ~ chi2_{T-N},tier1,,,,,True,0.2661248202551796
90,KS: (R-1)(T-N+1)/(N-1) ~ F,tier2,,,,,True,0.4517360977366348
120,pred_var_over_V,tier1,0.7563025210084033,0.7566281129230591,0.0011365408756148713,0.28647620304866556,True,
120,true_var_over_V,tier2,1.3258426966292134,1.3238721681655226,0.000993679550857077,-1.983062308156787,True,
120,var_ratio_per_run,tier2,1.7929009193054135,1.7900441844896144,0.003060342664592329,-0.9334689375967692,True,
120,std_ratio,tier2,1.3290948452791187,1.3265739931881282,0.001665892569971972,-1.4946830852531265,True,
120,KS: (T-1)Q ~ chi2_{T-N},tier1,,,,,True,0.8299318981177937
120,KS: (R-1)(T-N+1)/(N-1) ~ F,tier2,,,,,True,0.08032404395500747
250,pred_var_over_V,tier1,0.8835341365461847,0.8837420381712171,0.0008543992584922783,0.24333076482210975,True,
250,true_var_over_V,tier2,1.1324200913242009,1.131986739304351,0.0003756720639833639,-1.153538049262647,True,
250,var_ratio_per_run,tier2,1.2934523061455323,1.2930331285937249,0.0013373714305877139,-0.3134339064078978,True,
250,std_ratio,tier2,1.131370141124837,1.1307192771071644,0.0011904629581497574,-0.5400079791857906,True,
250,KS: (T-1)Q ~ chi2_{T-N},tier1,,,,,True,0.35314088560376444
250,KS: (R-1)(T-N+1)/(N-1) ~ F,tier2,,,,,True,0.06731952011199083
500,pred_var_over_V,tier1,0.9418837675350702,0.9422000916124836,0.0006110383619960373,0.5176828446255473,True,
500,true_var_over_V,tier2,1.0618336886993602,1.0615878606051043,0.00016545200741694912,-1.4857969878623631,True,
500,var_ratio_per_run,tier2,1.1321688261986769,1.1314493641111085,0.000754718601268451,-0.9532852196290775,True,
500,std_ratio,tier2,1.059228304031996,1.0598449025195071,0.0010410157267841938,0.5850357350780444,True,
500,KS: (T-1)Q ~ chi2_{T-N},tier1,,,,,True,0.9893200841013223
500,KS: (R-1)(T-N+1)/(N-1) ~ F,tier2,,,,,True,0.5327226342102462
750,pred_var_over_V,tier1,0.9612817089452603,0.9613421276599616,0.000500081103436719,0.12081783191983805,True,
750,true_var_over_V,tier2,1.0403337969401947,1.0402833475777913,0.00010781537701498897,-0.46792362833716517,True,
750,var_ratio_per_run,tier2,1.0852507157495903,1.0850562567944548,0.0005779208380460539,-0.3364802622327021,True,
750,std_ratio,tier2,1.0372494472771654,1.0374865953097714,0.0009976755564337974,0.2347894191075088,True,
750,KS: (T-1)Q ~ chi2_{T-N},tier1,,,,,True,0.6306536427727067
750,KS: (R-1)(T-N+1)/(N-1) ~ F,tier2,,,,,True,0.08466129366361363
60,true_var_over_V (recalled -2 offset),recalled-diagnostic,2.0357142857142856,2.000657971752613,0.0038367074359387664,-9.137082914714098,False,
90,true_var_over_V (recalled -2 offset),recalled-diagnostic,1.5,1.4929086562642933,0.0016006758579455332,-4.430218460849708,False,
120,true_var_over_V (recalled -2 offset),recalled-diagnostic,1.3295454545454546,1.3238721681655226,0.000993679550857077,-5.709372176411055,False,
250,true_var_over_V (recalled -2 offset),recalled-diagnostic,1.1330275229357798,1.131986739304351,0.0003756720639833639,-2.770457883913554,True,
500,true_var_over_V (recalled -2 offset),recalled-diagnostic,1.061965811965812,1.0615878606051043,0.00016545200741694912,-2.284356452413161,True,
750,true_var_over_V (recalled -2 offset),recalled-diagnostic,1.0403899721448469,1.0402833475777913,0.00010781537701498897,-0.9889551009105627,True,
