constraint,k,window,n,spearman_rho,p_value
unconstrained,1,all,92,0.2623337391920842,0.01152961679724275
unconstrained,1,60,19,-0.06666666666666667,0.7862629610688756
unconstrained,1,90,19,-0.19649122807017544,0.4201015343407332
unconstrained,1,120,18,0.16615067079463364,0.5099504603438955
unconstrained,1,250,16,-0.5117647058823529,0.042723448163331804
unconstrained,1,500,12,0.41958041958041964,0.1745190081300594
unconstrained,1,750,8,-0.38095238095238104,0.35181255311756476
unconstrained,1,within,92,-0.08768598977542924,0.4058845977574162
unconstrained,3,all,92,0.4700614953069371,2.271886592287798e-06
unconstrained,3,60,19,-0.1649122807017544,0.49988058994796
unconstrained,3,90,19,-0.010526315789473684,0.9658856101969363
unconstrained,3,120,18,0.32094943240454077,0.19408223512614609
unconstrained,3,250,16,-0.26176470588235295,0.3274104118125863
unconstrained,3,500,12,0.04895104895104895,0.8799185788786748
unconstrained,3,750,8,0.09523809523809526,0.8225054302036114
unconstrained,3,within,92,-0.003079298818466783,0.9767594496366255
unconstrained,5,all,92,0.5859778370297304,8.444101068998598e-10
unconstrained,5,60,19,-0.010526315789473684,0.9658856101969363
unconstrained,5,90,19,0.39824561403508774,0.09126656430719736
unconstrained,5,120,18,0.281733746130031,0.2573753757323143
unconstrained,5,250,16,-0.3205882352941176,0.22604542220798232
unconstrained,5,500,12,0.30069930069930073,0.34225952894002437
unconstrained,5,750,8,0.19047619047619052,0.6514014957024814
unconstrained,5,within,92,0.13629512891787293,0.19515560761823397
long_only,1,all,92,-0.08011343495214462,0.44777116772841485
long_only,1,60,19,-0.6017543859649123,0.006414666234372093
long_only,1,90,19,-0.08771929824561404,0.7210236536238764
long_only,1,120,18,0.15170278637770898,0.5479006675946313
long_only,1,250,16,0.09999999999999999,0.7125163701282782
long_only,1,500,12,0.2517482517482518,0.4299187850328841
long_only,1,750,8,0.04761904761904763,0.9108491685195836
long_only,1,within,92,-0.05727703643918364,0.5876008003908479
long_only,3,all,92,-0.07439545027202811,0.48093646687178376
long_only,3,60,19,-0.5947368421052631,0.007235259140961918
long_only,3,90,19,-0.031578947368421054,0.8978832031610189
long_only,3,120,18,0.0629514963880289,0.8040167566657793
long_only,3,250,16,-0.011764705882352941,0.9655081698956275
long_only,3,500,12,0.16083916083916086,0.6175234895401425
long_only,3,750,8,0.30952380952380953,0.4556448907375822
long_only,3,within,92,-0.07034288857244143,0.5052153076638369
long_only,5,all,92,0.19390287132222617,0.06401990975773751
long_only,5,60,19,-0.06666666666666667,0.7862629610688756
long_only,5,90,19,0.13157894736842105,0.5913047122717006
long_only,5,120,18,0.37048503611971106,0.13016560662863327
long_only,5,250,16,-0.09705882352941177,0.7206513082372035
long_only,5,500,12,0.3216783216783217,0.30790987618065263
long_only,5,750,8,0.880952380952381,0.0038503204637324005
long_only,5,within,92,0.18784143158342312,0.07296095160676058
