mask_frac,seed,n_pos,n_zero,n_neg,lambda_min,non_psd
0.05,42,30,0,0,5.999766508884247e-05,False
0.05,43,30,0,0,5.444871521944773e-05,False
0.05,44,30,0,0,5.447873289854721e-05,False
0.05,45,30,0,0,5.710602048534134e-05,False
0.05,46,30,0,0,5.7995999126017546e-05,False
0.05,47,30,0,0,5.664360227604571e-05,False
0.05,48,30,0,0,5.884697082565409e-05,False
0.05,49,30,0,0,5.6914728233341174e-05,False
0.05,50,30,0,0,5.692401135295192e-05,False
0.05,51,30,0,0,5.620188624225997e-05,False
0.05,52,30,0,0,6.198416459762849e-05,False
0.05,53,30,0,0,5.612964792062519e-05,False
0.05,54,30,0,0,5.8558224214971206e-05,False
0.05,55,30,0,0,5.9911697453781235e-05,False
0.05,56,30,0,0,5.887752091315002e-05,False
0.05,57,30,0,0,5.438162520032288e-05,False
0.05,58,30,0,0,5.6553404023640856e-05,False
0.05,59,30,0,0,5.521048562949124e-05,False
0.05,60,30,0,0,5.871248086747393e-05,False
0.05,61,30,0,0,5.543304405491637e-05,False
0.1,42,30,0,0,5.7492482160120245e-05,False
0.1,43,30,0,0,5.492256523483575e-05,False
0.1,44,30,0,0,4.859974021474125e-05,False
0.1,45,30,0,0,5.6086924355457396e-05,False
0.1,46,30,0,0,5.5187387350927055e-05,False
0.1,47,30,0,0,5.761376232839519e-05,False
0.1,48,30,0,0,5.7702208387788326e-05,False
0.1,49,30,0,0,5.160652716595512e-05,False
0.1,50,30,0,0,5.5367513919567316e-05,False
0.1,51,30,0,0,5.6760671644072693e-05,False
0.1,52,30,0,0,5.818853079105233e-05,False
0.1,53,30,0,0,5.5666186815885785e-05,False
0.1,54,30,0,0,6.134291768954374e-05,False
0.1,55,30,0,0,5.850926837880574e-05,False
0.1,56,30,0,0,5.585002180961347e-05,False
0.1,57,30,0,0,5.001801306410338e-05,False
0.1,58,30,0,0,5.122997230218072e-05,False
0.1,59,30,0,0,5.1628456597855744e-05,False
0.1,60,30,0,0,5.722381186564261e-05,False
0.1,61,30,0,0,5.5388109520773024e-05,False
0.2,42,30,0,0,4.909845457994592e-05,False
0.2,43,30,0,0,5.423608529246247e-05,False
0.2,44,30,0,0,4.2119892009206585e-05,False
0.2,45,30,0,0,5.35553760815271e-05,False
0.2,46,30,0,0,5.114290816304586e-05,False
0.2,47,30,0,0,5.2260021995366335e-05,False
0.2,48,30,0,0,5.254180070765536e-05,False
0.2,49,30,0,0,5.034066023798797e-05,False
0.2,50,30,0,0,4.886547851718114e-05,False
0.2,51,30,0,0,5.6710266085086904e-05,False
0.2,52,30,0,0,5.157580224807634e-05,False
0.2,53,30,0,0,4.876837627633607e-05,False
0.2,54,30,0,0,5.598854664926849e-05,False
0.2,55,30,0,0,5.7653637741891724e-05,False
0.2,56,30,0,0,5.104109359204924e-05,False
0.2,57,30,0,0,4.431784563783425e-05,False
0.2,58,30,0,0,4.0732375837232235e-05,False
0.2,59,30,0,0,4.557594117474337e-05,False
0.2,60,30,0,0,5.360278386405676e-05,False
0.2,61,30,0,0,5.292440749930401e-05,False
