T,N,n_pos,n_zero,n_neg,pd_cholesky,cond,solve_ok,max_abs_w_solve,max_abs_w_spectral
15,30,14,16,0,False,inf,False,,0.2148337584376098
29,30,28,2,0,False,inf,True,8.861829691447221,0.36182852964551754
30,30,29,1,0,False,1.6018829553447974e+17,True,28.968171317536978,0.3650203865063686
31,30,30,0,0,True,80679.99357628514,True,0.3694246103238293,0.36942461032268115
60,30,30,0,0,True,160.56156273187187,True,0.3176127880353568,0.3176127880353568
90,30,30,0,0,True,126.25588088231709,True,0.25827980454497557,0.25827980454497573
120,30,30,0,0,True,102.61895167958671,True,0.35435326580764925,0.35435326580764953
250,30,30,0,0,True,69.55996677973779,True,0.27762147227400175,0.2776214722740013
500,30,30,0,0,True,42.939079352413415,True,0.16931340469849704,0.16931340469849687
750,30,30,0,0,True,41.8961875134741,True,0.14187832530181924,0.14187832530181896
