constraint,method,window,n_runs,predicted_risk_mean,predicted_risk_median,realized_risk_mean,realized_risk_median,risk_gap_mean,risk_gap_median,max_abs_weight_mean,max_abs_weight_median,turnover_mean,turnover_median,cond_number_mean,cond_number_median,sharpe_mean,sharpe_median,oos_return_mean,oos_return_median,exposure_k1_mean,exposure_k1_median,exposure_k3_mean,exposure_k3_median,exposure_k5_mean,exposure_k5_median
long_only,clipped,60,19,0.08865263335727475,0.09041504068059808,0.11696648900170092,0.11103515581885821,0.028313855644426168,0.026367472006984735,0.20931324686353237,0.19711323348078194,1.2024966284822776,1.190091948145617,95.37525510416685,91.3793299811987,0.9383676504764096,1.3086734529354977,0.07850464370557128,0.1453087607626962,0.06270610223540622,0.052967263109268956,0.13337962605533218,0.12305430839917565,0.23071244963427592,0.22638406723806087
long_only,clipped,90,19,0.09246404930007776,0.09366320397610516,0.11493997911247113,0.1068653322487741,0.02247592981239338,0.022019793212908118,0.1811578842047765,0.17363899779798325,0.9873778517328053,0.9003065773774028,93.01703547136128,90.45319202714569,0.8195709562111503,0.3073951696108851,0.08342961828610448,0.029446986426853228,0.08899761899971473,0.04492792663956,0.19744374201792225,0.1715111684094616,0.3071693670708791,0.26564486128616377
long_only,clipped,120,18,0.0963217613890322,0.09763288182489754,0.11175662717777247,0.10649955152421696,0.015434865788740284,0.01772448894370874,0.18310334023392114,0.16516412122356536,0.7989043945036031,0.7640662137352962,84.06568992342947,74.47017729930147,1.1955926002881356,1.4460443597708368,0.08776456973841139,0.15528538786067486,0.08359407457564923,0.05532104134991933,0.16975494866489937,0.1708195783290644,0.26324252879031257,0.258494077065135
long_only,clipped,250,16,0.0995030422510941,0.09813711817717057,0.1042909067900568,0.09533454500408753,0.004787864538962705,0.0012664393874355015,0.1516010571714754,0.14950720469643608,0.4630176519557435,0.43229039579991735,57.870765048287396,61.1432280414796,1.0694970706704894,0.9320387094505043,0.08139242468261787,0.08645086364961373,0.04541688090365546,0.039422836203945766,0.11636738412419334,0.10304793580290048,0.16738057847313237,0.1677408945701819
long_only,clipped,500,12,0.10170231760594327,0.10354386678509142,0.11225065280562092,0.11466950279405336,0.010548335199677664,0.016520807505992698,0.12621589654508544,0.12230213355767794,0.25332710121562446,0.23209569082659082,44.53601633856394,44.634695028693145,0.3780289790838687,1.3389658218835647,0.04167785359818552,0.15401117148276022,0.033774723519490714,0.0322992898021793,0.08937088351593019,0.09424439595970677,0.13047514970484922,0.1362277068918402
long_only,clipped,750,8,0.10395792862419838,0.10497148633977642,0.11229503896133473,0.11146726633412726,0.008337110337136354,0.002807341261919921,0.1228584343715956,0.12156728219609392,0.19463473102481074,0.16920324920564817,41.00425620816597,41.18603930160755,-0.4416123756378382,0.20709832353773286,-0.06372346340586488,0.031090861192805488,0.056336193819969106,0.05612691537660612,0.08289833628322862,0.07387220882992918,0.14933694558957436,0.14343105168440207
long_only,ledoit_wolf,60,19,0.0846818089544918,0.08735052254806895,0.11370143036215842,0.10580253783695738,0.029019621407666604,0.02906069976090113,0.1472563234521483,0.14966599544341283,0.9568643570612174,0.9719320692487593,31.01127035676337,25.8196264611726,0.9857311985182774,1.208655060633765,0.077346808230139,0.1386371680263897,0.04200829015400328,0.028834649579488263,0.1028689918294234,0.06956722849808186,0.16418691732747517,0.15373673645204508
long_only,ledoit_wolf,90,19,0.08888639975111501,0.09104868569922536,0.11197821298162938,0.1053491277809525,0.023091813230514364,0.014191609095947778,0.14256917541634206,0.13505343595873856,0.8114755994542022,0.8279756436643231,34.70000246730253,29.259383111126688,0.9295881235715437,0.36085949900862524,0.08935253384661578,0.02884205548147838,0.05775540202827569,0.03240059081956481,0.14478994214683297,0.13737907739280086,0.23698032695468765,0.19459966242720045
long_only,ledoit_wolf,120,18,0.09269474436333419,0.09370377104647216,0.10943297933518392,0.10532957722043242,0.01673823497184973,0.020642291513194085,0.14674232687349748,0.12634552418155906,0.6697940342031692,0.6765185522930552,34.712319172233556,30.10130672207154,1.165870456188017,1.4318186165448106,0.08429622779895139,0.1539984617321129,0.05736868484714724,0.03229621513706463,0.13183720492621565,0.1264161330953689,0.20021973223899447,0.198147479071321
long_only,ledoit_wolf,250,16,0.0968339576058323,0.09548141764122718,0.10358407160461992,0.09410246479229713,0.006750113998787621,0.005422440109709145,0.134465576172874,0.12991110984715876,0.4228353918880271,0.42080458942204846,35.99241433291179,35.67486206338459,1.0889962927379881,0.9557420252031827,0.08281168165429684,0.08632526768777984,0.03307269699949418,0.023837352680354654,0.09282251853038953,0.08063342779146251,0.13481771504909404,0.1269022306617493
long_only,ledoit_wolf,500,12,0.09976542349600132,0.10164075237557813,0.11199518339788361,0.11444898793320063,0.012229759901882296,0.018214054730663717,0.11823017842788629,0.11525848643379823,0.23473676386120657,0.21080427961739076,33.98253433046418,34.61235776896239,0.4058525817266619,1.3724011905905407,0.044714798006860824,0.16377389902943215,0.027411214562233763,0.024713494884272512,0.0789855494739554,0.08007529862481702,0.11531492001154335,0.1262822847418446
long_only,ledoit_wolf,750,8,0.10255807568891766,0.1035901943483096,0.11213082941909655,0.11147312169005325,0.00957275373017889,0.004171087425199428,0.11815105034979193,0.1168033387379595,0.18344347260378716,0.15548925386947418,34.39603915241228,34.357804508194114,-0.4209454327736938,0.22204379450977962,-0.061626447803008313,0.03251764820490238,0.05092478167084235,0.05104287483243047,0.07628047081336853,0.06890971380877765,0.1368497601606179,0.13064648016101904
long_only,mp,60,19,0.08311955229626712,0.07736088547062804,0.11454013420507539,0.11055229553984199,0.03142058190880827,0.024509184490313918,0.15926319562408944,0.14625016088225457,0.9782808988147917,0.9898667407701234,16.24108226767889,15.047172090954454,0.845889597270554,0.9867543370106672,0.065641639355808,0.10251437230237392,0.013549511365514922,0.006341700788421903,0.04570551437503102,0.02553338058771949,0.0686348158955422,0.05586248318302461
long_only,mp,90,19,0.08807178248123722,0.08499965895256584,0.11352929430706864,0.11061254626980288,0.02545751182583142,0.017471506383053365,0.16617776508600868,0.1492251715692303,0.7144141430825482,0.7234540751095953,16.240437597389242,15.066356652470311,0.7413685172886765,0.11338252565980984,0.07385110899344798,0.010238069097484037,0.020852469128325068,0.007164887877058683,0.050696353523140066,0.042440681493962004,0.08689392749502944,0.08794893972655063
long_only,mp,120,18,0.09103288903379865,0.09081040774149692,0.11047202877787098,0.1033066801000602,0.019439139744072326,0.02560994107470173,0.1595393363020744,0.1494441536080949,0.6170659146434424,0.5924960536453225,15.67584869120263,15.02478391339356,0.8283431928558925,1.1528900885152646,0.05191493041992036,0.11961571531862358,0.018275171985385596,0.012402342436395085,0.044934463192153155,0.033266935693070765,0.06927979103988693,0.05670131448072038
long_only,mp,250,16,0.09449506941937456,0.09736138648121664,0.10495924067374325,0.09648992743308984,0.010464171254368687,0.01532664482579988,0.14974190614103453,0.14903529917321412,0.36525869293262364,0.35538663527994324,16.142586274968505,16.75152301406782,0.8715462407866952,0.9043261485086749,0.062444843698103755,0.08183267621374907,0.004976445957013783,0.0036398318213233362,0.015742760479144698,0.015419251091275277,0.030841708412855374,0.027021496839390743
long_only,mp,500,12,0.09626953456859273,0.09899245181591397,0.11556631703334884,0.12324233049832947,0.01929678246475609,0.02947921303760761,0.14497155706993384,0.14378787032933182,0.19746921558886293,0.18548830715341644,15.85208727081966,15.874955992831323,0.3774682027060652,1.422954880822789,0.044722777044424226,0.1681383740690516,0.003951703423931753,0.0026810163676509353,0.011964991431120377,0.009485832161963685,0.021114777323888556,0.017282979385259484
long_only,mp,750,8,0.09983547983879583,0.09951662275984369,0.11650463083722482,0.1118445335154897,0.01666915099842898,0.009967243763430708,0.13522353136336135,0.1283343513475485,0.23741184437754143,0.14753762667004805,16.0093149650049,15.98908379548104,-0.43746825702375874,-0.056827138328663526,-0.06231050679477075,0.0030514152888438534,0.0138726581539558,0.01432709253290013,0.019832449025892013,0.0187177456841254,0.037240913347887795,0.044407159478325166
long_only,raw,60,19,0.08837154951137478,0.09024823982979935,0.11713458655670574,0.11092856643568039,0.02876303704533093,0.02681966170096678,0.21280514997844294,0.20384414876048812,1.2144374639648348,1.201159087367149,246.6040028944739,210.91033282994002,0.946259117703519,1.2719436914609747,0.08056083384870734,0.14109489028067326,0.0742823756017775,0.054284633605208306,0.14786227200529978,0.13138382291245293,0.24571359795670186,0.2737419217752054
long_only,raw,90,19,0.09240207992255518,0.09355175777756791,0.1149431196053459,0.10680465386528216,0.0225410396827907,0.022019793212908124,0.18177402777149715,0.17360888090432117,0.9875529939379937,0.899763482829786,117.921083340951,107.7814709166909,0.8171422823565934,0.3057605476080427,0.0832626460639659,0.02944698642685297,0.09170719152491927,0.04886042327840869,0.20047249952681212,0.17691753743317543,0.30899076093397915,0.268349604698516
long_only,raw,120,18,0.09631268721834411,0.09762985787438962,0.11177260873590791,0.10650256144528109,0.015459921517563806,0.01772484922052498,0.18319391123911388,0.1652902434729622,0.7999176409223575,0.7686350938799648,90.26811001520112,74.4701772993017,1.1963016636656658,1.4460636093860615,0.08783804650575348,0.1553096275210706,0.08481803823373728,0.05532104134991918,0.171137857998462,0.17084793074135307,0.26468734027265123,0.26478296950860963
long_only,raw,250,16,0.0995030422510941,0.09813711817717058,0.1042909067900568,0.09533454500408756,0.004787864538962688,0.0012664393874354946,0.15160105717147537,0.14950720469643575,0.46301765195574285,0.43229039579991496,57.87076504828735,61.14322804147952,1.0694970706704898,0.9320387094505053,0.08139242468261798,0.08645086364961399,0.04541688090365502,0.03942283620394564,0.11636738412419304,0.10304793580289981,0.16738057847313212,0.16774089457018215
long_only,raw,500,12,0.10170231760594324,0.10354386678509146,0.11225065280562092,0.11466950279405336,0.010548335199677674,0.016520807505992705,0.12621589654508555,0.12230213355767797,0.2533271012156243,0.23209569082658835,44.53601633856394,44.63469502869324,0.37802897908386884,1.3389658218835636,0.041677853598185495,0.15401117148276,0.033774723519490825,0.03229928980217981,0.08937088351593044,0.09424439595970681,0.13047514970484952,0.13622770689184033
long_only,raw,750,8,0.10395792862419838,0.10497148633977632,0.11229503896133479,0.11146726633412726,0.00833711033713641,0.002807341261919963,0.12285843437159572,0.12156728219609425,0.19463473102481338,0.16920324920565397,41.00425620816596,41.186039301607615,-0.44161237563784106,0.20709832353773575,-0.06372346340586518,0.031090861192805894,0.05633619381996916,0.056126915376606704,0.08289833628322842,0.07387220882992884,0.14933694558957414,0.14343105168440248
unconstrained,clipped,60,19,0.07212381712595628,0.07319881599896458,0.13634248284961503,0.12380199786460597,0.06421866572365877,0.0489392582235951,0.24559128480478765,0.24487110823582445,2.979179585792178,2.9591214792676004,95.37525510416685,91.3793299811987,1.1078206528584162,1.3678042751680675,0.11855341903156608,0.1726799900670449,0.1477547387398497,0.1540583228897404,0.34128264273187164,0.35133578651884123,0.48736004013630313,0.45244152731479176
unconstrained,clipped,90,19,0.07893382574829994,0.08060540961321166,0.12882693291934819,0.12028710755674758,0.04989310717104824,0.03574667895416124,0.22620386013542823,0.21855763366138523,2.345685694961339,2.398667705196663,93.01703547136128,90.45319202714569,0.8706705657652908,0.8065515899430661,0.10324731092546163,0.10469562923033195,0.135259541099684,0.13764372330216246,0.39023798761315937,0.330685866985816,0.625273697297933,0.6302820797570908
unconstrained,clipped,120,18,0.08588446817860833,0.08464736114817159,0.12263617547557241,0.11237209533992777,0.03675170729696409,0.03407239491640638,0.22270931942769576,0.22432422211652606,1.853448328000043,1.7841452104656834,84.06568992342947,74.47017729930147,1.2585795462599432,0.7618302713524105,0.10965612417502621,0.10811754198889903,0.1597488064981222,0.10647840527283665,0.4020563701785328,0.4449943419920973,0.516735272922937,0.5396062472611715
unconstrained,clipped,250,16,0.09372651901143143,0.09174839094738052,0.10710312446568093,0.10567591836086415,0.013376605454249492,0.012704243229258158,0.170444748068505,0.15791327472700228,0.848201865472135,0.7888892621139221,57.870765048287396,61.1432280414796,1.0636206665675898,1.2217194460843022,0.08965154950547016,0.14111272620037374,0.0747299477718448,0.0520588199129763,0.21090080865780683,0.18065997095765807,0.3002334673549353,0.2610117342550634
unconstrained,clipped,500,12,0.09813613792287913,0.09957534168105327,0.11103689537300464,0.1125668199268388,0.012900757450125484,0.016825863936170006,0.14404917326089792,0.14329206311157827,0.43323675053933963,0.43611261741141794,44.53601633856394,44.634695028693145,0.38969379343588706,1.1429498060988423,0.03711214942003007,0.1437447464094978,0.0626811244027403,0.04853705042361086,0.17689973392590233,0.15690633939571286,0.24004104328113138,0.20329788637612223
unconstrained,clipped,750,8,0.10080432127120838,0.101362258187433,0.11111826742426588,0.10947390692979768,0.010313946153057512,0.004031917029074912,0.1298785452117393,0.13192426191344642,0.31000843407302325,0.27950946422470624,41.00425620816597,41.18603930160755,-0.689313074430671,-0.40750109698682324,-0.08532339413419095,-0.03880318215815099,0.0755674179577052,0.07860808018701096,0.12755921630136585,0.1345831620838377,0.21564329824564302,0.21340392531718433
unconstrained,ledoit_wolf,60,19,0.07878402711352657,0.080839358096323,0.11659164286832091,0.10537061966381792,0.037807615754794334,0.030504794652888634,0.147846690102462,0.14333216974759572,1.534604962130571,1.3688610931825194,31.01127035676337,25.8196264611726,1.133105309140948,1.4312875828515934,0.09364004539777122,0.1528016464091649,0.08542776931094659,0.06867732168385061,0.17866210476735211,0.18243837566758866,0.26033464225321845,0.2518894511522702
unconstrained,ledoit_wolf,90,19,0.0827299307521569,0.08581509427458651,0.11422853000388467,0.10908059939688894,0.03149859925172778,0.023421515477547047,0.147776759250304,0.14840335089027476,1.342826435002178,1.301552728148057,34.70000246730253,29.259383111126688,0.9438504339309467,0.519663245186823,0.09290353137258847,0.05867338713135472,0.06579780058752148,0.04757846271826644,0.2071249665037919,0.18987263009189806,0.3713610880628773,0.3703210038728323
unconstrained,ledoit_wolf,120,18,0.08725626226198205,0.0863190417144288,0.11140332080698442,0.10540256398059666,0.024147058545002383,0.02529380588066995,0.15640099503278063,0.15632932248132353,1.1514344119316469,1.1373587734965276,34.712319172233556,30.10130672207154,1.2541221712083825,0.6662988462332168,0.09881378145466868,0.06518758693049088,0.08002721707642892,0.039034572832055914,0.22553611302789425,0.24537215096914022,0.3129137267801421,0.32970846694742106
unconstrained,ledoit_wolf,250,16,0.09278679220051378,0.09098717565333353,0.10451604871207133,0.10123409158789369,0.011729256511557557,0.011114554047355459,0.1446700188019914,0.14188927254214306,0.6799658471741001,0.6520102082790619,35.99241433291179,35.67486206338459,1.07425872147232,1.192978832741039,0.08720402528331757,0.1356987867133953,0.046866681123013,0.033388192911081215,0.1410732933799992,0.11876947832330617,0.2115947758393223,0.18272087630210576
unconstrained,ledoit_wolf,500,12,0.09697052685432674,0.09855747453602462,0.11047678928624786,0.11258687007854255,0.013506262431921113,0.018477475030622248,0.12777115530622485,0.12632005808874552,0.3787828086736482,0.3425601259178735,33.98253433046418,34.61235776896239,0.41469846128390264,1.195418691267806,0.04094006328554631,0.15071002120527233,0.04321462092897612,0.039040565919505055,0.13528209795109694,0.111723932337719,0.1898514130243686,0.15240731704463545
unconstrained,ledoit_wolf,750,8,0.0998988736930072,0.10040684238293338,0.11068499700223541,0.10929867763455116,0.010786123309228218,0.004688779355381756,0.1207534967515105,0.11946804087163754,0.28414429331398744,0.258080080564442,34.39603915241228,34.357804508194114,-0.6506363353093514,-0.32351160734764545,-0.08156953632523842,-0.03023587474732753,0.06073616782831755,0.06313390968609947,0.10529208809817778,0.11335806725671509,0.1846928315028306,0.18111453080449658
unconstrained,mp,60,19,0.0756491308050224,0.0706829691786219,0.11690452176219575,0.10690577680349633,0.04125539095717336,0.0341112835677163,0.14076726650044155,0.13640869683960186,1.29065500337376,1.271931927770662,16.24108226767889,15.047172090954454,0.9861615822587887,1.1433468993012725,0.08723915363654877,0.14689706299651306,0.016211623717510604,0.008808428025813804,0.040888753233316186,0.02853545150177661,0.06414096372438231,0.052536754455152886
unconstrained,mp,90,19,0.07992352931865536,0.07716131371943862,0.11528093899947456,0.11211276561555035,0.03535740968081919,0.03054764537588659,0.1491450979202694,0.13707893552552528,1.029336223882953,0.9729235031244524,16.240437597389242,15.066356652470311,0.6879492483412585,0.33663495514726255,0.06680922536127862,0.03846098149378663,0.010800781074225468,0.007570790160352017,0.044087854443587766,0.031574179581131345,0.09127523579875207,0.07716763080831696
unconstrained,mp,120,18,0.08324162673975151,0.08410963843571456,0.1136112952040271,0.10749855784629934,0.030369668464275603,0.027889898345742015,0.14451002602759686,0.135287125641445,0.8814120922159878,0.8674651724602214,15.67584869120263,15.02478391339356,0.7963212571436735,0.7772580620959879,0.054405704363739385,0.10070104957411803,0.013074241196721466,0.005753161386128217,0.04128287419732036,0.032621263873233136,0.06365955942522497,0.05309785020712603
unconstrained,mp,250,16,0.08741070089678331,0.09089162294176026,0.10699663477614052,0.10563109320122034,0.01958593387935722,0.021752820936928714,0.14447346863162241,0.14707322492409036,0.556436510979997,0.5205065690911799,16.142586274968505,16.75152301406782,0.6979949286266833,0.831929010181574,0.05559807074170284,0.09476238825229343,0.005125198425033233,0.004232497841310334,0.020808888597277413,0.016091116098025122,0.03644816028357911,0.03293483634663083
unconstrained,mp,500,12,0.09066327089591214,0.09260387512733156,0.11461373131232754,0.11836720997574549,0.023950460416415385,0.030321825291553202,0.142655147066737,0.14270993155395567,0.2982519053514645,0.29771262853138525,15.85208727081966,15.874955992831323,0.35645342421090437,1.3547393570985338,0.04321425694772298,0.18033674364141394,0.005279836006352193,0.004747430882952899,0.018540768988925,0.016403119641375297,0.031315653657817556,0.025754648971278844
unconstrained,mp,750,8,0.09422116048145514,0.09346495141592617,0.11587343841724057,0.11358268462695037,0.02165227793578543,0.01766654607980777,0.14044576093982866,0.13468175959102313,0.3321521017513254,0.19877741973857005,16.0093149650049,15.98908379548104,-0.7571287716545854,-0.8157317187210159,-0.08980098601305012,-0.07529307758400179,0.008751934628157546,0.008431140421530176,0.016653747342018573,0.017183020526558557,0.03647671323090802,0.03553533754687573
unconstrained,raw,60,19,0.06820701282938244,0.06824399488193532,0.1511792123111549,0.13877062882409533,0.08297219948177244,0.07510618188727042,0.3114422582208363,0.317612788035357,3.9917114151788766,3.77621734609623,246.6040028944739,210.91033282994002,1.019986936925475,1.3766360619348919,0.12512042656803277,0.17701885984957536,0.4051553375286215,0.46992061660765977,0.6139282286700513,0.6790337331600801,0.7267406206350105,0.7641358598222149
unconstrained,raw,90,19,0.07849227820919187,0.07785222797300252,0.1299164056363282,0.12192243684623719,0.05142412742713633,0.044070208873234665,0.2345920590425589,0.2397465201991972,2.45766086973259,2.4154137913082496,117.921083340951,107.7814709166909,0.8970862478519614,0.8243950358225323,0.10710486585081029,0.11040214884902949,0.17726200594981878,0.14053177542961479,0.4370361855247616,0.39796039004222855,0.6533660560498048,0.6674018521515297
unconstrained,raw,120,18,0.08583753966023304,0.08464736114817156,0.12281253537075913,0.11342205271173968,0.036974995710526114,0.03409212141087355,0.22310053706092065,0.22348013905752057,1.8737693899616121,1.8502949443119179,90.26811001520112,74.4701772993017,1.262135034153562,0.7505305534873139,0.11051169335160588,0.10811754198889903,0.16924019472730734,0.12928864828408707,0.4095758369265317,0.444994341992099,0.5231794248293125,0.5540701474401868
unconstrained,raw,250,16,0.09372651901143145,0.09174839094738053,0.10710312446568092,0.10567591836086417,0.013376605454249475,0.012704243229258103,0.17044474806850513,0.15791327472700262,0.848201865472135,0.7888892621139235,57.87076504828735,61.14322804147952,1.0636206665675898,1.2217194460843057,0.0896515495054702,0.14111272620037413,0.07472994777184425,0.052058819912975715,0.21090080865780653,0.1806599709576584,0.30023346735493506,0.2610117342550643
unconstrained,raw,500,12,0.09813613792287913,0.0995753416810533,0.11103689537300464,0.11256681992683874,0.0129007574501255,0.01682586393617004,0.1440491732608981,0.14329206311157788,0.43323675053934,0.43611261741141916,44.53601633856394,44.63469502869324,0.38969379343588617,1.1429498060988428,0.03711214942002993,0.14374474640949775,0.06268112440274072,0.04853705042361099,0.17689973392590322,0.15690633939571313,0.24004104328113238,0.20329788637612167
unconstrained,raw,750,8,0.10080432127120836,0.10136225818743289,0.11111826742426589,0.10947390692979767,0.010313946153057528,0.004031917029074905,0.1298785452117392,0.1319242619134447,0.31000843407302414,0.2795094642247032,41.00425620816596,41.186039301607615,-0.6893130744306736,-0.40750109698682774,-0.08532339413419113,-0.03880318215815137,0.07556741795770544,0.07860808018701054,0.12755921630136577,0.13458316208383883,0.2156432982456429,0.21340392531718533
